DRG_Cd,DRG_Desc,HH_Cases,HH_%,ESC_Cases,ESC_%,Nat_Cases,Nat_%,Diff_vs_Nat_%,Diff_vs_ESC_%,Ratio_vs_Nat
003,"ECMO OR TRACHEOSTOMY WITH MV >96 HOURS OR PRINCIPAL DIAGNOSIS EXCEPT FACE, MOUTH AND NEC",14.0,0.15200868621064062,359.0,0.115138278185626,6749,0.13627513159565882,0.0157335546149818,0.03687040802501462,1.1154543344097787
004,"TRACHEOSTOMY WITH MV >96 HOURS OR PRINCIPAL DIAGNOSIS EXCEPT FACE, MOUTH AND NECK WITHOU",17.0,0.18458197611292074,296.0,0.09493295360151893,3589,0.07246872830001772,0.11211324781290302,0.0896490225114018,2.547056922935898
023,CRANIOTOMY WITH MAJOR DEVICE IMPLANT OR ACUTE COMPLEX CNS PRINCIPAL DIAGNOSIS WITH MCC O,36.0,0.39087947882736157,780.0,0.25016116151751605,11805,0.2383653768686846,0.15251410195867698,0.14071831730984552,1.6398332843561292
024,CRANIOTOMY WITH MAJOR DEVICE IMPLANT OR ACUTE COMPLEX CNS PRINCIPAL DIAGNOSIS WITHOUT MC,30.0,0.32573289902280134,203.0,0.06510604588212278,2804,0.05661808697499294,0.2691148120478084,0.26062685314067857,5.753159748521192
025,CRANIOTOMY AND ENDOVASCULAR INTRACRANIAL PROCEDURES WITH MCC,52.0,0.5646036916395223,1174.0,0.37652462002764603,20790,0.41978959636594265,0.14481409527357963,0.18807907161187626,1.3449682806034597
026,CRANIOTOMY AND ENDOVASCULAR INTRACRANIAL PROCEDURES WITH CC,14.0,0.15200868621064062,179.0,0.057408779373891515,3933,0.07941474182334066,0.07259394438729996,0.0945999068367491,1.9141116966518172
027,CRANIOTOMY AND ENDOVASCULAR INTRACRANIAL PROCEDURES WITHOUT CC/MCC,21.0,0.2280130293159609,310.0,0.0994230257313205,5562,0.11230734656023919,0.11570568275572171,0.1285900035846404,2.030259251060301
036,CAROTID ARTERY STENT PROCEDURES WITHOUT CC/MCC,21.0,0.2280130293159609,607.0,0.19467669877068242,4852,0.09797109771849705,0.13004193159746386,0.033336330545278486,2.327349949381161
038,EXTRACRANIAL PROCEDURES WITH CC,18.0,0.19543973941368079,250.0,0.08017985946074234,3458,0.06982358942921739,0.1256161499844634,0.11525987995293845,2.7990503067993213
039,EXTRACRANIAL PROCEDURES WITHOUT CC/MCC,50.0,0.5428881650380022,741.0,0.23765310344164028,7739,0.1562651123749894,0.3866230526630128,0.30523506159636193,3.4741482394050527
054,NERVOUS SYSTEM NEOPLASMS WITH MCC,23.0,0.249728555917481,336.0,0.1077617311152377,5366,0.1083497342039273,0.1413788217135537,0.14196682480224332,2.304837734511297
056,DEGENERATIVE NERVOUS SYSTEM DISORDERS WITH MCC,17.0,0.18458197611292074,379.0,0.12155266694248539,8619,0.17403398417883884,0.010547991934081902,0.06302930917043535,1.060608805710284
057,DEGENERATIVE NERVOUS SYSTEM DISORDERS WITHOUT MCC,53.0,0.5754614549402822,988.0,0.3168708045888537,21094,0.4259279338981815,0.14953352104210071,0.25859065035142853,1.3510770464701356
064,INTRACRANIAL HEMORRHAGE OR CEREBRAL INFARCTION WITH MCC,123.0,1.3355048859934855,4210.0,1.350228833318901,62599,1.2639927341467843,0.07151215184670123,-0.014723947325415487,1.0565763947171525
065,INTRACRANIAL HEMORRHAGE OR CEREBRAL INFARCTION WITH CC OR TPA IN 24 HOURS,186.0,2.019543973941368,4840.0,1.5522820791599716,68157,1.376219313107915,0.6433246608334531,0.46726189478139646,1.467457951436994
066,INTRACRANIAL HEMORRHAGE OR CEREBRAL INFARCTION WITHOUT CC/MCC,46.0,0.499457111834962,663.0,0.21263698728988867,9902,0.19994019159286022,0.29951692024210175,0.28682012454507333,2.4980325759215556
069,TRANSIENT ISCHEMIA WITHOUT THROMBOLYTIC,57.0,0.6188925081433224,1412.0,0.45285584623427266,20244,0.40876481908764517,0.21012768905567725,0.16603666190904975,1.514055220125543
071,OTHER CEREBROVASCULAR DISORDERS WITH CC,11.0,0.11943539630836049,873.0,0.2799880692369122,10522,0.21245916945466323,-0.09302377314630274,-0.16055267292855174,0.5621569387422786
073,CRANIAL AND PERIPHERAL NERVE DISORDERS WITH MCC,11.0,0.11943539630836049,69.0,0.022129641211164886,971,0.019606334683565672,0.09982906162479482,0.0973057550971956,6.091673851128995
074,CRANIAL AND PERIPHERAL NERVE DISORDERS WITHOUT MCC,19.0,0.2062975027144408,341.0,0.10936532830445256,5579,0.11265060885644992,0.09364689385799088,0.09693217440998825,1.8313039299887373
082,TRAUMATIC STUPOR AND COMA >1 HOUR WITH MCC,23.0,0.249728555917481,448.0,0.14368230815365027,7321,0.14782489826816095,0.10190365764932005,0.10604624776383073,1.6893538155153152
083,TRAUMATIC STUPOR AND COMA >1 HOUR WITH CC,31.0,0.33659066232356133,496.0,0.1590768411701128,7533,0.1521055810209065,0.18448508130265484,0.17751382115344852,2.212875162531333
085,TRAUMATIC STUPOR AND COMA <1 HOUR WITH MCC,13.0,0.14115092290988057,246.0,0.07889698170937046,4544,0.09175199258714975,0.04939893032273082,0.062253941200510116,1.5383962672615499
086,TRAUMATIC STUPOR AND COMA <1 HOUR WITH CC,41.0,0.4451682953311618,523.0,0.16773626599187297,8306,0.16771391954860604,0.2774543757825558,0.27743202933928884,2.6543312357692845
091,OTHER DISORDERS OF NERVOUS SYSTEM WITH MCC,29.0,0.31487513572204123,674.0,0.21616490110616132,9790,0.19767869881782482,0.11719643690421641,0.09871023461587991,1.5928632553992141
092,OTHER DISORDERS OF NERVOUS SYSTEM WITH CC,43.0,0.46688382193268185,916.0,0.29377900506415994,14722,0.29726514851849,0.16961867341419185,0.17310481686852192,1.570597240408226
100,SEIZURES WITH MCC,32.0,0.34744842562432143,1042.0,0.33418965423237407,17500,0.35335824609927835,-0.005909820474956917,0.013258771391947366,0.9832752722196371
101,SEIZURES WITHOUT MCC,48.0,0.5211726384364821,1315.0,0.4217460607635047,21467,0.4334595125150404,0.0877131259214417,0.09942657767297741,1.2023559834054818
163,MAJOR CHEST PROCEDURES WITH MCC,27.0,0.2931596091205212,627.0,0.2010910875275418,9224,0.18625008354398534,0.10690952557653585,0.0920685215929794,1.5740106181014828
164,MAJOR CHEST PROCEDURES WITH CC,39.0,0.4234527687296417,723.0,0.23188015356046685,11919,0.2406672534432742,0.18278551528636752,0.19157261516917487,1.7594947491659911
165,MAJOR CHEST PROCEDURES WITHOUT CC/MCC,13.0,0.14115092290988057,295.0,0.09461223416367595,4444,0.0897328026094396,0.051418120300440975,0.04653868874620462,1.5730136450127097
166,OTHER RESPIRATORY SYSTEM O.R. PROCEDURES WITH MCC,14.0,0.15200868621064062,262.0,0.08402849271485796,2937,0.059303609645347456,0.09270507656529317,0.06798019349578266,2.563228227079195
175,PULMONARY EMBOLISM WITH MCC OR ACUTE COR PULMONALE,46.0,0.499457111834962,1254.0,0.4021821750550836,21716,0.43848729555953875,0.06096981627542325,0.09727493677987842,1.139045798801586
176,PULMONARY EMBOLISM WITHOUT MCC,34.0,0.3691639522258415,621.0,0.19916677090048396,9457,0.19095479619205,0.17820915603379148,0.16999718132535752,1.9332531027634425
177,RESPIRATORY INFECTIONS AND INFLAMMATIONS WITH MCC,200.0,2.1715526601520088,8918.0,2.8601759466836008,141351,2.854145225393091,-0.682592565241082,-0.688623286531592,0.7608416841693572
178,RESPIRATORY INFECTIONS AND INFLAMMATIONS WITH CC,94.0,1.020629750271444,1285.0,0.41212447762821564,26447,0.5340151734050065,0.4866145768664376,0.6085052726432285,1.9112373600990933
179,RESPIRATORY INFECTIONS AND INFLAMMATIONS WITHOUT CC/MCC,13.0,0.14115092290988057,42.0,0.013470216389404712,953,0.019242880487577843,0.12190804242230273,0.12768070652047586,7.3352283719165605
180,RESPIRATORY NEOPLASMS WITH MCC,22.0,0.23887079261672098,420.0,0.13470216389404713,8157,0.1647053264818179,0.07416546613490307,0.10416862872267385,1.450291849809061
181,RESPIRATORY NEOPLASMS WITH CC,13.0,0.14115092290988057,55.0,0.017639569081363313,699,0.01411413794419403,0.12703678496568654,0.12351135382851726,10.000676163714568
184,MAJOR CHEST TRAUMA WITH CC,13.0,0.14115092290988057,261.0,0.083707773277015,6265,0.12650225210354163,0.014648670806338943,0.05744314963286558,1.1157977076514738
189,PULMONARY EDEMA AND RESPIRATORY FAILURE,63.0,0.6840390879478827,5867.0,1.8816609418247012,89991,1.8170892528411517,-1.1330501648932692,-1.1976218538768184,0.37644770991757154
190,CHRONIC OBSTRUCTIVE PULMONARY DISEASE WITH MCC,51.0,0.5537459283387622,3887.0,1.2466364548956217,49661,1.0027499348306435,-0.4490040064918812,-0.6928905265568595,0.5522273391444155
191,CHRONIC OBSTRUCTIVE PULMONARY DISEASE WITH CC,51.0,0.5537459283387622,698.0,0.22386216761439262,11485,0.23190396894001208,0.32184195939875015,0.32988376072436965,2.3878242829125655
193,SIMPLE PNEUMONIA AND PLEURISY WITH MCC,108.0,1.1726384364820848,9971.0,3.1978935147322476,136649,2.759202912641159,-1.586564476159074,-2.025255078250163,0.4249917362400919
194,SIMPLE PNEUMONIA AND PLEURISY WITH CC,86.0,0.9337676438653637,3029.0,0.9714591772263541,41948,0.8470098118498587,0.08675783201550502,-0.037691533360990404,1.1024283671826978
195,SIMPLE PNEUMONIA AND PLEURISY WITHOUT CC/MCC,17.0,0.18458197611292074,138.0,0.04425928242232977,1837,0.03709251989053567,0.14748945622238507,0.14032269369059097,4.976258735120815
196,INTERSTITIAL LUNG DISEASE WITH MCC,17.0,0.18458197611292074,239.0,0.07665194564446967,3667,0.07404369648263164,0.1105382796302891,0.10793003046845107,2.4928790009318074
200,PNEUMOTHORAX WITH CC,22.0,0.23887079261672098,157.0,0.050352951741346186,2005,0.040484759053088744,0.19838603356363224,0.1885178408753748,5.900264647826688
202,BRONCHITIS AND ASTHMA WITH CC/MCC,33.0,0.3583061889250814,362.0,0.11610043649915491,10816,0.21839558798913108,0.13991060093595034,0.2422057524259265,1.6406292463330958
205,OTHER RESPIRATORY SYSTEM DIAGNOSES WITH MCC,20.0,0.21715526601520088,235.0,0.0753690678930978,4459,0.09003568110609611,0.12711958490910477,0.14178619812210308,2.411880082956331
206,OTHER RESPIRATORY SYSTEM DIAGNOSES WITHOUT MCC,16.0,0.17372421281216072,47.0,0.01507381357861956,1679,0.03390219972575362,0.1398220130864071,0.15865039923354116,5.124275540155941
207,RESPIRATORY SYSTEM DIAGNOSIS WITH VENTILATOR SUPPORT >96 HOURS,19.0,0.2062975027144408,314.0,0.10070590348269237,4401,0.08886455091902422,0.11743295179541659,0.10559159923174843,2.3214825324715216
208,RESPIRATORY SYSTEM DIAGNOSIS WITH VENTILATOR SUPPORT <=96 HOURS,30.0,0.32573289902280134,1572.0,0.5041709562891479,21835,0.4408901316330138,-0.11515723261021249,-0.17843805726634654,0.738807416297386
219,CARDIAC VALVE AND OTHER MAJOR CARDIOTHORACIC PROCEDURES WITHOUT CARDIAC CATHETERIZATION,25.0,0.2714440825190011,568.0,0.1821686406948066,12333,0.24902669995099427,0.02241738256800682,0.0892754418241945,1.0900199961386403
220,CARDIAC VALVE AND OTHER MAJOR CARDIOTHORACIC PROCEDURES WITHOUT CARDIAC CATHETERIZATION,29.0,0.31487513572204123,519.0,0.1664533882405011,8116,0.16387745859095673,0.1509976771310845,0.14842174748154013,1.9214060214832807
233,CORONARY BYPASS WITH CARDIAC CATHETERIZATION OR OPEN ABLATION WITH MCC,29.0,0.31487513572204123,547.0,0.1754335325001042,6594,0.13314538713020807,0.18172974859183316,0.13944160322193702,2.3648970686015023
234,CORONARY BYPASS WITH CARDIAC CATHETERIZATION OR OPEN ABLATION WITHOUT MCC,42.0,0.4560260586319218,596.0,0.19114878495440973,5526,0.11158043816826353,0.3444456204636583,0.26487727367751207,4.086971391385232
235,CORONARY BYPASS WITHOUT CARDIAC CATHETERIZATION WITH MCC,29.0,0.31487513572204123,764.0,0.24502965051202857,8759,0.1768608501476331,0.13801428557440815,0.06984548521001266,1.7803552083980254
236,CORONARY BYPASS WITHOUT CARDIAC CATHETERIZATION WITHOUT MCC,41.0,0.4451682953311618,1217.0,0.3903155558548937,12346,0.24928919464809657,0.19587910068306524,0.05485273947626812,1.7857504652761766
242,PERMANENT CARDIAC PACEMAKER IMPLANT WITH MCC,31.0,0.33659066232356133,483.0,0.1549074884781542,9743,0.1967296795283011,0.13986098279526024,0.18168317384540714,1.7109297546288136
243,PERMANENT CARDIAC PACEMAKER IMPLANT WITH CC,39.0,0.4234527687296417,778.0,0.24951972264183014,14876,0.3003747010841637,0.12307806764547802,0.17393304608781157,1.4097484481923532
244,PERMANENT CARDIAC PACEMAKER IMPLANT WITHOUT CC/MCC,33.0,0.3583061889250814,233.0,0.07472762901741187,4007,0.08090894240684618,0.2773972465182353,0.28357855990766956,4.428511586807777
250,PERCUTANEOUS CARDIOVASCULAR PROCEDURES WITHOUT INTRALUMINAL DEVICE WITH MCC,12.0,0.13029315960912052,12.0,0.0038486332541156324,190,0.003836460957649308,0.12645669865147122,0.1264445263550049,33.961810389165095
252,OTHER VASCULAR PROCEDURES WITH MCC,28.0,0.30401737242128124,901.0,0.28896821349651536,14681,0.29643728062762886,0.007580091793652377,0.015049158924765882,1.02557064272619
253,OTHER VASCULAR PROCEDURES WITH CC,22.0,0.23887079261672098,593.0,0.19018662664088082,10909,0.22027343466840157,0.018597357948319404,0.04868416597584016,1.0844285103027325
254,OTHER VASCULAR PROCEDURES WITHOUT CC/MCC,13.0,0.14115092290988057,136.0,0.04361784354664383,1543,0.0311561013560678,0.10999482155381277,0.09753307936323674,4.530442409874583
264,OTHER CIRCULATORY SYSTEM O.R. PROCEDURES,11.0,0.11943539630836049,167.0,0.05356014611977588,2915,0.058859387850251216,0.06057600845810927,0.06587525018858462,2.029164771679676
266,ENDOVASCULAR CARDIAC VALVE REPLACEMENT AND SUPPLEMENT PROCEDURES WITH MCC,37.0,0.4017372421281217,1414.0,0.4534972851099587,23630,0.4771345917329113,-0.07539734960478961,-0.05176004298183701,0.8419788652695396
267,ENDOVASCULAR CARDIAC VALVE REPLACEMENT AND SUPPLEMENT PROCEDURES WITHOUT MCC,109.0,1.1834961997828448,1802.0,0.5779364269930307,39606,0.7997203825718866,0.3837758172109582,0.6055597727898141,1.4798875026502913
269,AORTIC AND HEART ASSIST PROCEDURES EXCEPT PULSATION BALLOON WITHOUT MCC,19.0,0.2062975027144408,484.0,0.15522820791599717,6645,0.13417517401884024,0.07212232869560056,0.05106929479844363,1.537523645659468
270,OTHER MAJOR CARDIOVASCULAR PROCEDURES WITH MCC,35.0,0.3800217155266015,606.0,0.1943559793328394,11400,0.23018765745895847,0.14983405806764305,0.18566573619376212,1.650921338362192
271,OTHER MAJOR CARDIOVASCULAR PROCEDURES WITH CC,27.0,0.2931596091205212,445.0,0.14272014984012135,7339,0.14818835246414877,0.14497125665637242,0.15043945928039984,1.9782904948042077
274,PERCUTANEOUS AND OTHER INTRACARDIAC PROCEDURES WITHOUT MCC,113.0,1.226927252985885,3928.0,1.2597859518471837,58174,1.1746435776331097,0.05228367535277534,-0.03285869886129866,1.0445102466384963
280,"ACUTE MYOCARDIAL INFARCTION, DISCHARGED ALIVE WITH MCC",72.0,0.7817589576547231,5332.0,1.7100760425787127,83841,1.6929090692119768,-0.9111501115572537,-0.9283170849239896,0.4617843757069716
281,"ACUTE MYOCARDIAL INFARCTION, DISCHARGED ALIVE WITH CC",47.0,0.510314875135722,1881.0,0.6032732625826254,30631,0.6184980820723998,-0.10818320693667771,-0.09295838744690332,0.8250872394394684
282,"ACUTE MYOCARDIAL INFARCTION, DISCHARGED ALIVE WITHOUT CC/MCC",15.0,0.16286644951140067,391.0,0.12540130019660103,5809,0.11729474580518329,0.04557170370621738,0.037465149314799634,1.3885229759729234
283,"ACUTE MYOCARDIAL INFARCTION, EXPIRED WITH MCC",22.0,0.23887079261672098,168.0,0.05388086555761885,2154,0.043493352119876885,0.19537744049684408,0.18498992705910214,5.492121921491416
286,"CIRCULATORY DISORDERS EXCEPT AMI, WITH CARDIAC CATHETERIZATION WITH MCC",119.0,1.292073832790445,2164.0,0.6940368634921857,34223,0.6910273860717486,0.6010464467186964,0.5980369692982593,1.8697867245688153
287,"CIRCULATORY DISORDERS EXCEPT AMI, WITH CARDIAC CATHETERIZATION WITHOUT MCC",75.0,0.8143322475570033,2151.0,0.689867510800227,28522,0.5759133654424924,0.2384188821145109,0.12446473675677627,1.4139839365098363
291,HEART FAILURE AND SHOCK WITH MCC,389.0,4.223669923995657,19342.0,6.203355366758713,304694,6.152350710684201,-1.9286807866885436,-1.9796854427630564,0.6865131918862838
292,HEART FAILURE AND SHOCK WITH CC,45.0,0.4885993485342019,368.0,0.11802475312621272,5135,0.1036854053554168,0.3849139431787851,0.3705745954079892,4.712325200054553
299,PERIPHERAL VASCULAR DISORDERS WITH MCC,23.0,0.249728555917481,436.0,0.13983367489953463,8550,0.17264074309421884,0.07708781282326216,0.10989488101794637,1.4465215536125873
300,PERIPHERAL VASCULAR DISORDERS WITH CC,19.0,0.2062975027144408,578.0,0.1853758350732363,12552,0.2534487260021795,-0.047151223287738686,0.02092166764120451,0.8139614902332032
304,HYPERTENSION WITH MCC,18.0,0.19543973941368079,284.0,0.0910843203474033,4774,0.09639612953588313,0.09904360987779766,0.10435541906627749,2.0274645917285405
305,HYPERTENSION WITHOUT MCC,35.0,0.3800217155266015,1149.0,0.3685066340815718,17181,0.34691703007038294,0.033104685456218585,0.011515081445029718,1.0954253685657989
308,CARDIAC ARRHYTHMIA AND CONDUCTION DISORDERS WITH MCC,102.0,1.1074918566775245,2935.0,0.9413115500691149,42862,0.8654652082461295,0.242026648431395,0.16618030660840954,1.2796491945896513
309,CARDIAC ARRHYTHMIA AND CONDUCTION DISORDERS WITH CC,109.0,1.1834961997828448,4037.0,1.2947443705720671,60439,1.2203782306282447,-0.03688203084539987,-0.11124817078922233,0.9697781966936486
310,CARDIAC ARRHYTHMIA AND CONDUCTION DISORDERS WITHOUT CC/MCC,22.0,0.23887079261672098,1962.0,0.6292515370479058,24508,0.4948630797372065,-0.2559922871204855,-0.39038074443118487,0.48270077602793
312,SYNCOPE AND COLLAPSE,116.0,1.259500542888165,3039.0,0.9746663716047839,51859,1.0471317305407128,0.21236881234745209,0.28483417128338107,1.202810024902779
313,CHEST PAIN,21.0,0.2280130293159609,1039.0,0.33322749591884515,13606,0.27473098836724463,-0.04671795905128373,-0.10521446660288425,0.829950165691415
314,OTHER CIRCULATORY SYSTEM DIAGNOSES WITH MCC,55.0,0.5971769815418024,1580.0,0.5067367117918916,25543,0.5157616960065067,0.08141528553529576,0.09044026974991082,1.1578544629538923
315,OTHER CIRCULATORY SYSTEM DIAGNOSES WITH CC,14.0,0.15200868621064062,497.0,0.15939756060795576,8781,0.17730507194272932,-0.0252963857320887,-0.007388874397315143,0.8573284708952963
321,PERCUTANEOUS CARDIOVASCULAR PROCEDURES WITH INTRALUMINAL DEVICE WITH MCC OR 4+ ARTERIES/,66.0,0.7166123778501629,2041.0,0.6545883726375004,30999,0.625928701190373,0.09068367665978982,0.06202400521266249,1.1448786043639319
322,PERCUTANEOUS CARDIOVASCULAR PROCEDURES WITH INTRALUMINAL DEVICE WITHOUT MCC,140.0,1.520086862106406,3403.0,1.0914082469796247,46534,0.9396098642276467,0.5804769978787594,0.4286786151267814,1.617785125484935
327,"STOMACH, ESOPHAGEAL AND DUODENAL PROCEDURES WITH CC",14.0,0.15200868621064062,206.0,0.06606820419565168,4003,0.08082817480773778,0.07118051140290284,0.08594048201498894,1.8806398458485127
328,"STOMACH, ESOPHAGEAL AND DUODENAL PROCEDURES WITHOUT CC/MCC",14.0,0.15200868621064062,144.0,0.04618359904938758,2141,0.04323085742277456,0.10877782878786606,0.10582508716125304,3.5162079882912645
329,MAJOR SMALL AND LARGE BOWEL PROCEDURES WITH MCC,41.0,0.4451682953311618,1542.0,0.4945493731538587,24579,0.49629670462138065,-0.051128409290218835,-0.049381077822696906,0.896980155592159
330,MAJOR SMALL AND LARGE BOWEL PROCEDURES WITH CC,52.0,0.5646036916395223,1977.0,0.6340623286155503,33073,0.6678067013280818,-0.10320300968855955,-0.06945863697602805,0.8454597573170238
331,MAJOR SMALL AND LARGE BOWEL PROCEDURES WITHOUT CC/MCC,56.0,0.6080347448425625,1099.0,0.3524706621894233,11649,0.23521544050345675,0.3728193043391057,0.2555640826531392,2.585012036374486
336,PERITONEAL ADHESIOLYSIS WITH CC,11.0,0.11943539630836049,93.0,0.02982690771939615,1716,0.03464930001750638,0.08478609629085411,0.08960848858896434,3.4469786185584232
355,HERNIA PROCEDURES EXCEPT INGUINAL AND FEMORAL WITHOUT CC/MCC,13.0,0.14115092290988057,40.0,0.012828777513718774,790,0.01595160082391028,0.1251993220859703,0.1283221453961618,8.84869954232466
356,OTHER DIGESTIVE SYSTEM O.R. PROCEDURES WITH MCC,21.0,0.2280130293159609,135.0,0.043297124108800863,2095,0.04230203003302789,0.185710999282933,0.18471590520716002,5.390120264628828
371,MAJOR GASTROINTESTINAL DISORDERS AND PERITONEAL INFECTIONS WITH MCC,24.0,0.26058631921824105,297.0,0.0952536730393619,5401,0.10905645069612584,0.1515298685221152,0.16533264617887916,2.3894626824444987
372,MAJOR GASTROINTESTINAL DISORDERS AND PERITONEAL INFECTIONS WITH CC,40.0,0.43431053203040176,511.0,0.16388763273775733,9250,0.18677507293818998,0.24753545909221178,0.2704228992926444,2.325313143762655
377,GASTROINTESTINAL HEMORRHAGE WITH MCC,69.0,0.749185667752443,2992.0,0.9595925580261643,51100,1.0318060786098928,-0.2826204108574498,-0.21040689027372128,0.7260915430560247
378,GASTROINTESTINAL HEMORRHAGE WITH CC,116.0,1.259500542888165,4975.0,1.5955792032687723,75613,1.5267701178459847,-0.2672695749578198,-0.3360786603806074,0.8249444550729798
386,INFLAMMATORY BOWEL DISEASE WITH CC,11.0,0.11943539630836049,31.0,0.00994230257313205,1018,0.020555353973089448,0.09888004233527103,0.10949309373522843,5.810427612422647
388,GASTROINTESTINAL OBSTRUCTION WITH MCC,30.0,0.32573289902280134,509.0,0.1632461938620714,8832,0.1783348588313615,0.14739804019143984,0.16248670516072994,1.8265239962469908
389,GASTROINTESTINAL OBSTRUCTION WITH CC,43.0,0.46688382193268185,1900.0,0.6093669319016418,32114,0.6484426694418414,-0.18155884750915952,-0.14248310996895996,0.7200078648966153
390,GASTROINTESTINAL OBSTRUCTION WITHOUT CC/MCC,19.0,0.2062975027144408,443.0,0.14207871096443545,8779,0.17726468814317511,0.02903281457126569,0.06421879175000536,1.1637822787797203
391,"ESOPHAGITIS, GASTROENTERITIS AND MISCELLANEOUS DIGESTIVE DISORDERS WITH MCC",48.0,0.5211726384364821,1516.0,0.48621066776994154,30034,0.60644351790547,-0.08527087946898793,0.034961970666540554,0.8593918857216978
392,"ESOPHAGITIS, GASTROENTERITIS AND MISCELLANEOUS DIGESTIVE DISORDERS WITHOUT MCC",116.0,1.259500542888165,5319.0,1.705906689886754,85970,1.7358976238374262,-0.47639708094926125,-0.44640614699858916,0.7255615340401677
393,OTHER DIGESTIVE SYSTEM DIAGNOSES WITH MCC,17.0,0.18458197611292074,747.0,0.23957742006869812,17381,0.3509554100258032,-0.16637343391288248,-0.05499544395577738,0.5259413898174408
394,OTHER DIGESTIVE SYSTEM DIAGNOSES WITH CC,27.0,0.2931596091205212,1266.0,0.4060308083091992,23654,0.4776191973275617,-0.1844595882070405,-0.112871199188678,0.6137936053677212
402,SINGLE LEVEL COMBINED ANTERIOR AND POSTERIOR SPINAL FUSION EXCEPT CERVICAL,22.0,0.23887079261672098,79.0,0.025336835589594577,1378,0.02782443789284603,0.21104635472387495,0.2135339570271264,8.584927880183244
417,LAPAROSCOPIC CHOLECYSTECTOMY WITHOUT C.D.E. WITH MCC,18.0,0.19543973941368079,252.0,0.08082129833642827,4116,0.08310985948255026,0.11232987993113053,0.11461844107725251,2.3515830808824227
418,LAPAROSCOPIC CHOLECYSTECTOMY WITHOUT C.D.E. WITH CC,21.0,0.2280130293159609,657.0,0.2107126706628309,11142,0.2249781473164662,0.0030348819994946985,0.01730035865313001,1.0134896746003765
428,MULTIPLE LEVEL COMBINED ANTERIOR AND POSTERIOR SPINAL FUSION EXCEPT CERVICAL WITHOUT CC/,12.0,0.13029315960912052,29.0,0.00930086369744611,281,0.0056739238373655545,0.12461923577175497,0.12099229591167442,22.963501686624088
432,CIRRHOSIS AND ALCOHOLIC HEPATITIS WITH MCC,28.0,0.30401737242128124,741.0,0.23765310344164028,10422,0.2104399794769531,0.09357739294432815,0.06636426897964096,1.44467497657486
433,CIRRHOSIS AND ALCOHOLIC HEPATITIS WITH CC,11.0,0.11943539630836049,207.0,0.06638892363349466,2658,0.053670069607536106,0.06576532670082438,0.05304647267486583,2.22536317134923
435,MALIGNANCY OF HEPATOBILIARY SYSTEM OR PANCREAS WITH MCC,23.0,0.249728555917481,365.0,0.11706259481268382,7905,0.1596169677379883,0.09011158817949269,0.13266596110479717,1.5645489289547907
439,DISORDERS OF PANCREAS EXCEPT MALIGNANCY WITH CC,23.0,0.249728555917481,418.0,0.1340607250183612,6261,0.12642148450443322,0.12330707141304778,0.1156678308991198,1.9753648432179562
441,"DISORDERS OF LIVER EXCEPT MALIGNANCY, CIRRHOSIS OR ALCOHOLIC HEPATITIS WITH MCC",25.0,0.2714440825190011,416.0,0.13341928614267526,7597,0.15339786260664098,0.11804621991236011,0.13802479637632584,1.769542794837153
444,DISORDERS OF THE BILIARY TRACT WITH MCC,13.0,0.14115092290988057,334.0,0.10712029223955176,6191,0.1250080515200361,0.016142871389844465,0.03403063067032881,1.12913465327677
445,DISORDERS OF THE BILIARY TRACT WITH CC,19.0,0.2062975027144408,375.0,0.1202697891911135,9692,0.19569989263966886,0.010597610074771946,0.0860277135233273,1.054152355077091
451,SINGLE LEVEL SPINAL FUSION EXCEPT CERVICAL WITHOUT MCC,12.0,0.13029315960912052,23.0,0.007376547070388295,650,0.01312473485511605,0.11716842475400448,0.12291661253873223,9.92729842144826
454,COMBINED ANTERIOR AND POSTERIOR SPINAL FUSION WITH CC,31.0,0.33659066232356133,796.0,0.2552926725230036,13779,0.27822418702868323,0.058366475294878095,0.08129798980055775,1.2097821757274498
455,COMBINED ANTERIOR AND POSTERIOR SPINAL FUSION WITHOUT CC/MCC,90.0,0.9771986970684038,740.0,0.23733238400379733,10551,0.21304473454819917,0.7641539625202046,0.7398663130646065,4.586823979201996
460,SPINAL FUSION EXCEPT CERVICAL WITHOUT MCC,49.0,0.5320304017372421,1112.0,0.3566400148813819,18008,0.36361573118604595,0.1684146705511962,0.17539038685586023,1.4631666237372605
467,REVISION OF HIP OR KNEE REPLACEMENT WITH CC,48.0,0.5211726384364821,888.0,0.2847988608045568,14134,0.2853923114495543,0.2357803269869278,0.2363737776319253,1.8261621547874254
468,REVISION OF HIP OR KNEE REPLACEMENT WITHOUT CC/MCC,38.0,0.4125950054288816,649.0,0.2081469151600871,9115,0.18404916646828126,0.22854583896060035,0.2044480902687945,2.2417651399686593
470,MAJOR HIP AND KNEE JOINT REPLACEMENT OR REATTACHMENT OF LOWER EXTREMITY WITHOUT MCC,90.0,0.9771986970684038,3395.0,1.088842491476881,59121,1.1937653067220249,-0.21656660965362107,-0.11164379440847727,0.8185852709622681
472,CERVICAL SPINAL FUSION WITH CC,40.0,0.43431053203040176,690.0,0.22129641211164883,11118,0.2244935417218158,0.20981699030858597,0.21301411991875294,1.9346237254726175
473,CERVICAL SPINAL FUSION WITHOUT CC/MCC,29.0,0.31487513572204123,206.0,0.06606820419565168,2401,0.04848075136482099,0.26639438435722024,0.24880693152638955,6.494848509103833
480,HIP AND FEMUR PROCEDURES EXCEPT MAJOR JOINT WITH MCC,37.0,0.4017372421281217,1436.0,0.460553112742504,21607,0.43628637848383467,-0.034549136355712995,-0.058815870614382315,0.9208108754718018
481,HIP AND FEMUR PROCEDURES EXCEPT MAJOR JOINT WITH CC,133.0,1.444082519001086,4290.0,1.3758863883463386,62753,1.267102286712458,0.17698023228862803,0.06819613065474739,1.139673200928245
482,HIP AND FEMUR PROCEDURES EXCEPT MAJOR JOINT WITHOUT CC/MCC,12.0,0.13029315960912052,554.0,0.17767856856500502,6826,0.13782990787849567,-0.007536748269375143,-0.0473854089558845,0.9453184843160515
483,MAJOR JOINT OR LIMB REATTACHMENT PROCEDURES OF UPPER EXTREMITIES,28.0,0.30401737242128124,550.0,0.17639569081363315,8966,0.1810405734014931,0.12297679901978814,0.12762168160764809,1.6792775603238004
493,"LOWER EXTREMITY AND HUMERUS PROCEDURES EXCEPT HIP, FOOT AND FEMUR WITH CC",38.0,0.4125950054288816,638.0,0.20461900134381444,10223,0.20642179142130987,0.20617321400757174,0.20797600408506717,1.9987957792051578
494,"LOWER EXTREMITY AND HUMERUS PROCEDURES EXCEPT HIP, FOOT AND FEMUR WITHOUT CC/MCC",20.0,0.21715526601520088,112.0,0.03592057703841257,1650,0.03331663463221767,0.1838386313829832,0.18123468897678832,6.517923206001382
516,OTHER MUSCULOSKELETAL SYSTEM AND CONNECTIVE TISSUE O.R. PROCEDURES WITH CC,26.0,0.28230184581976114,299.0,0.09589511191504783,6436,0.12995506696542602,0.15234677885433512,0.1864067339047133,2.172303492366837
517,OTHER MUSCULOSKELETAL SYSTEM AND CONNECTIVE TISSUE O.R. PROCEDURES WITHOUT CC/MCC,19.0,0.2062975027144408,127.0,0.040731368606057104,2059,0.04157512164105223,0.16472238107338857,0.1655661341083837,4.96204207159163
519,BACK AND NECK PROCEDURES EXCEPT SPINAL FUSION WITH CC,14.0,0.15200868621064062,225.0,0.0721618735146681,3713,0.07497252387237831,0.07703616233826231,0.07984681269597252,2.027525263380446
521,HIP REPLACEMENT WITH PRINCIPAL DIAGNOSIS OF HIP FRACTURE WITH MCC,21.0,0.2280130293159609,703.0,0.22546576480360747,7531,0.15206519722135228,0.07594783209460862,0.002547264512353431,1.4994425646524225
522,HIP REPLACEMENT WITH PRINCIPAL DIAGNOSIS OF HIP FRACTURE WITHOUT MCC,92.0,0.998914223669924,2955.0,0.9477259388259743,37275,0.7526530641914628,0.24626115947846117,0.05118828484394966,1.3271908017049092
535,FRACTURES OF HIP AND PELVIS WITH MCC,13.0,0.14115092290988057,98.0,0.031430504908611,1062,0.021443797563281918,0.11970712534659865,0.10972041800126958,6.582365949563543
536,FRACTURES OF HIP AND PELVIS WITHOUT MCC,38.0,0.4125950054288816,566.0,0.18152720181912066,10120,0.20434202574426838,0.20825297968461323,0.23106780360976095,2.0191392540330364
543,PATHOLOGICAL FRACTURES AND MUSCULOSKELETAL AND CONNECTIVE TISSUE MALIGNANCY WITH CC,19.0,0.2062975027144408,240.0,0.07697266508231264,8898,0.17966752421665022,0.026629978497790585,0.12932483763212815,1.1482180968090767
551,MEDICAL BACK PROBLEMS WITH MCC,27.0,0.2931596091205212,493.0,0.1581146828565839,8932,0.18035404880907163,0.11280556031144956,0.1350449262639373,1.6254673019892611
552,MEDICAL BACK PROBLEMS WITHOUT MCC,86.0,0.9337676438653637,2085.0,0.6687000279025911,43981,0.8880599440967063,0.045707699768657406,0.2650676159627726,1.0514691604688342
556,SIGNS AND SYMPTOMS OF MUSCULOSKELETAL SYSTEM AND CONNECTIVE TISSUE WITHOUT MCC,24.0,0.26058631921824105,50.0,0.01603597189214847,2688,0.05427582660084915,0.2063104926173919,0.24455034732609257,4.801148790134947
563,"FRACTURE, SPRAIN, STRAIN AND DISLOCATION EXCEPT FEMUR, HIP, PELVIS AND THIGH WITHOUT MCC",31.0,0.33659066232356133,604.0,0.19371454045715347,15402,0.3109956403669191,0.025595021956642205,0.14287612186640786,1.0823002596642342
602,CELLULITIS WITH MCC,16.0,0.17372421281216072,450.0,0.1443237470293362,10980,0.22170705955257577,-0.04798284674041506,0.029400465782824514,0.7835754673881443
603,CELLULITIS WITHOUT MCC,64.0,0.6948968512486429,2619.0,0.8399642077107368,54310,1.0966220768943888,-0.401725225645746,-0.1450673564620939,0.6336703098450985
605,"TRAUMA TO THE SKIN, SUBCUTANEOUS TISSUE AND BREAST WITHOUT MCC",22.0,0.23887079261672098,147.0,0.04714575736291649,5045,0.10186813437547766,0.1370026582412433,0.1917250352538045,2.344902005726959
637,DIABETES WITH MCC,42.0,0.4560260586319218,1222.0,0.39191915304410857,20859,0.4211828374505627,0.03484322118135913,0.06410690558781323,1.0827270678745284
638,DIABETES WITH CC,80.0,0.8686210640608035,1528.0,0.49005930102405715,26317,0.5313902264339833,0.33723083762682027,0.3785617630367464,1.6346199475475596
640,"MISCELLANEOUS DISORDERS OF NUTRITION, METABOLISM, FLUIDS AND ELECTROLYTES WITH MCC",131.0,1.4223669923995657,4608.0,1.4778751695804027,73514,1.4843873202138484,-0.062020327814282794,-0.055508177180837004,0.9582182312057558
641,"MISCELLANEOUS DISORDERS OF NUTRITION, METABOLISM, FLUIDS AND ELECTROLYTES WITHOUT MCC",130.0,1.4115092290988056,4254.0,1.3643404885839916,61771,1.247273841131344,0.16423538796746162,0.04716874051481401,1.1316754850069584
643,ENDOCRINE DISORDERS WITH MCC,25.0,0.2714440825190011,267.0,0.08563208990407283,6565,0.13255982203667213,0.13888426048232896,0.18581199261492826,2.0477100704307465
644,ENDOCRINE DISORDERS WITH CC,16.0,0.17372421281216072,226.0,0.07248259295251108,6026,0.12167638805681436,0.05204782475534636,0.10124161985964963,1.4277561619518462
645,ENDOCRINE DISORDERS WITHOUT CC/MCC,11.0,0.11943539630836049,11.0,0.0035279138162726625,208,0.004199915153637136,0.11523548115472335,0.11590748249208782,28.437573603106998
660,KIDNEY AND URETER PROCEDURES FOR NON-NEOPLASM WITH CC,18.0,0.19543973941368079,733.0,0.23508734793889655,12733,0.2571034598618349,-0.06166372044815413,-0.03964760852521576,0.7601598964039937
673,OTHER KIDNEY AND URINARY TRACT PROCEDURES WITH MCC,19.0,0.2062975027144408,379.0,0.12155266694248539,6418,0.12959161276943817,0.07670588994500263,0.08474483577195542,1.5919047406368285
682,RENAL FAILURE WITH MCC,88.0,0.9554831704668839,5234.0,1.6786455376701017,73354,1.4811566162495122,-0.5256734457826283,-0.7231623672032178,0.6450925985709032
683,RENAL FAILURE WITH CC,96.0,1.0423452768729642,5573.0,1.7873694270988683,78178,1.5785623407742502,-0.536217063901286,-0.7450241502259041,0.6603130265743681
689,KIDNEY AND URINARY TRACT INFECTIONS WITH MCC,95.0,1.0314875135722041,5807.0,1.862417775554123,79740,1.610102088226083,-0.5786145746538789,-0.8309302619819188,0.6406348523581118
690,KIDNEY AND URINARY TRACT INFECTIONS WITHOUT MCC,95.0,1.0314875135722041,6098.0,1.955747131966427,91493,1.8474174863063586,-0.8159299727341545,-0.9242596183942229,0.5583402350675551
698,OTHER KIDNEY AND URINARY TRACT DIAGNOSES WITH MCC,91.0,0.988056460369164,3958.0,1.2694075349824727,74188,1.4979966606636148,-0.5099402002944509,-0.28135107461330877,0.659585222260411
699,OTHER KIDNEY AND URINARY TRACT DIAGNOSES WITH CC,40.0,0.43431053203040176,1470.0,0.47145757362916496,31564,0.6373371245644355,-0.2030265925340337,-0.0371470415987632,0.6814455259094082
811,RED BLOOD CELL DISORDERS WITH MCC,39.0,0.4234527687296417,1187.0,0.3806939727196046,21895,0.4421016456196399,-0.018648876889998167,0.042758796010037126,0.9578176714002946
812,RED BLOOD CELL DISORDERS WITHOUT MCC,65.0,0.7057546145494028,1833.0,0.5878787295661628,27448,0.5542272650818852,0.15152734946751756,0.11787588498323998,1.2734029143173422
813,COAGULATION DISORDERS,23.0,0.249728555917481,454.0,0.14560662478070807,10079,0.2035141578534072,0.04621439806407379,0.10412193113677293,1.227081980691301
840,LYMPHOMA AND NON-ACUTE LEUKEMIA WITH MCC,14.0,0.15200868621064062,191.0,0.061257412628007143,3774,0.07620422975878151,0.07580445645185911,0.09075127358263348,1.9947539223454152
853,INFECTIOUS AND PARASITIC DISEASES WITH O.R. PROCEDURES WITH MCC,114.0,1.2377850162866448,5173.0,1.6590816519616807,79560,1.6064675462662048,-0.36868252997955997,-0.42129663567503584,0.7705011029718827
854,INFECTIOUS AND PARASITIC DISEASES WITH O.R. PROCEDURES WITH CC,30.0,0.32573289902280134,889.0,0.28511958024239975,13459,0.2717627791000107,0.05397011992279066,0.040613318780401586,1.1985927583664033
856,POSTOPERATIVE OR POST-TRAUMATIC INFECTIONS WITH O.R. PROCEDURES WITH MCC,12.0,0.13029315960912052,113.0,0.03624129647625554,2662,0.0537508372066445,0.07654232240247602,0.09405186313286498,2.4240210270253075
862,POSTOPERATIVE AND POST-TRAUMATIC INFECTIONS WITH MCC,24.0,0.26058631921824105,351.0,0.11257252268288223,5074,0.10245369946901361,0.15813261974922743,0.14801379653535882,2.543454463516503
863,POSTOPERATIVE AND POST-TRAUMATIC INFECTIONS WITHOUT MCC,14.0,0.15200868621064062,139.0,0.04458000186017274,2343,0.047309621177749096,0.10469906503289153,0.10742868435046787,3.213060735352794
870,SEPTICEMIA OR SEVERE SEPSIS WITH MV >96 HOURS,35.0,0.3800217155266015,1314.0,0.4214253413256618,20906,0.4221318567400864,-0.042110141213484886,-0.04140362579906026,0.9002441049138521
871,SEPTICEMIA OR SEVERE SEPSIS WITHOUT MV >96 HOURS WITH MCC,814.0,8.838219326818674,37606.0,12.060975179522705,577119,11.653129007461109,-2.814909680642435,-3.222755852704031,0.7584417302133922
872,SEPTICEMIA OR SEVERE SEPSIS WITHOUT MV >96 HOURS WITHOUT MCC,127.0,1.3789359391965255,6263.0,2.0086658392105172,103998,2.099917193019014,-0.7209812538224887,-0.6297299000139918,0.656662054951821
880,ACUTE ADJUSTMENT REACTION AND PSYCHOSOCIAL DYSFUNCTION,12.0,0.13029315960912052,82.0,0.026298993903123485,1036,0.020918808169077277,0.10937435144004325,0.10399416570599704,6.228517349364255
884,ORGANIC DISTURBANCES AND INTELLECTUAL DISABILITY,59.0,0.6406080347448426,1077.0,0.345414834556878,16642,0.33603359609052513,0.3045744386543175,0.29519320018796463,1.906380916068485
885,PSYCHOSES,14.0,0.15200868621064062,2168.0,0.6953197412435576,38035,0.7679989080220601,-0.6159902218114195,-0.543311055032917,0.19792825826032856
897,"ALCOHOL, DRUG ABUSE OR DEPENDENCE WITHOUT REHABILITATION THERAPY WITHOUT MCC",17.0,0.18458197611292074,559.0,0.17928216575421987,11716,0.23656829778852256,-0.051986321675601826,0.005299810358700863,0.7802481475261982
907,OTHER O.R. PROCEDURES FOR INJURIES WITH MCC,13.0,0.14115092290988057,228.0,0.073124031828197,3322,0.06707749105953158,0.074073431850349,0.06802689108168357,2.1042963992885255
908,OTHER O.R. PROCEDURES FOR INJURIES WITH CC,12.0,0.13029315960912052,138.0,0.04425928242232977,2346,0.0473701968770804,0.08292296273204013,0.08603387718679076,2.7505302531719384
917,POISONING AND TOXIC EFFECTS OF DRUGS WITH MCC,34.0,0.3691639522258415,437.0,0.1401543943373776,9015,0.1820299764905711,0.18713397573527038,0.22900955788846386,2.0280393336476843
919,COMPLICATIONS OF TREATMENT WITH MCC,30.0,0.32573289902280134,386.0,0.12379770300738617,8121,0.16397841808984223,0.1617544809329591,0.20193519601541515,1.9864376228116516
948,SIGNS AND SYMPTOMS WITHOUT MCC,52.0,0.5646036916395223,799.0,0.2562548308365325,11326,0.22869345687545292,0.33591023476406934,0.3083488608029898,2.4688231108728527
956,"LIMB REATTACHMENT, HIP AND FEMUR PROCEDURES FOR MULTIPLE SIGNIFICANT TRAUMA",22.0,0.23887079261672098,184.0,0.05901237656310636,1978,0.039939577759107,0.19893121485761397,0.17985841605361463,5.980804155152937
981,EXTENSIVE O.R. PROCEDURES UNRELATED TO PRINCIPAL DIAGNOSIS WITH MCC,40.0,0.43431053203040176,1074.0,0.3444526762433491,14959,0.30205062876566313,0.13225990326473863,0.08985785578705269,1.43787329231931
982,EXTENSIVE O.R. PROCEDURES UNRELATED TO PRINCIPAL DIAGNOSIS WITH CC,11.0,0.11943539630836049,250.0,0.08017985946074234,4289,0.08660305814398883,0.03283233816437166,0.03925553684761815,1.379112918966252
987,NON-EXTENSIVE O.R. PROCEDURES UNRELATED TO PRINCIPAL DIAGNOSIS WITH MCC,14.0,0.15200868621064062,129.0,0.041372807481743046,1872,0.037799236382734226,0.1142094498279064,0.11063587872889757,4.021475054984828
001,HEART TRANSPLANT OR IMPLANT OF HEART ASSIST SYSTEM WITH MCC,0.0,0.0,115.0,0.036882735351941476,1814,0.036628106195662334,-0.036628106195662334,-0.036882735351941476,0.0
005,LIVER TRANSPLANT WITH MCC OR INTESTINAL TRANSPLANT,0.0,0.0,51.0,0.016356691329991437,1043,0.021060151467516986,-0.021060151467516986,-0.016356691329991437,0.0
006,LIVER TRANSPLANT WITHOUT MCC,0.0,0.0,13.0,0.004169352691958602,97,0.001958614278378857,-0.001958614278378857,-0.004169352691958602,0.0
007,LUNG TRANSPLANT,0.0,0.0,19.0,0.006093669319016418,454,0.009167122498804135,-0.009167122498804135,-0.006093669319016418,0.0
011,"TRACHEOSTOMY FOR FACE, MOUTH AND NECK DIAGNOSES OR LARYNGECTOMY WITH MCC",0.0,0.0,24.0,0.007697266508231265,371,0.007491194817304701,-0.007491194817304701,-0.007697266508231265,0.0
012,"TRACHEOSTOMY FOR FACE, MOUTH AND NECK DIAGNOSES OR LARYNGECTOMY WITH CC",0.0,0.0,72.0,0.02309179952469379,625,0.012619937360688512,-0.012619937360688512,-0.02309179952469379,0.0
013,"TRACHEOSTOMY FOR FACE, MOUTH AND NECK DIAGNOSES OR LARYNGECTOMY WITHOUT CC/MCC",0.0,0.0,21.0,0.006735108194702356,21,0.00042402989531913396,-0.00042402989531913396,-0.006735108194702356,0.0
014,ALLOGENEIC BONE MARROW TRANSPLANT,0.0,0.0,49.0,0.0157152524543055,831,0.016779468714771446,-0.016779468714771446,-0.0157152524543055,0.0
016,AUTOLOGOUS BONE MARROW TRANSPLANT WITH CC/MCC,0.0,0.0,57.0,0.01828100795704925,1153,0.023281260442998167,-0.023281260442998167,-0.01828100795704925,0.0
018,CHIMERIC ANTIGEN RECEPTOR (CAR) T-CELL AND OTHER IMMUNOTHERAPIES,0.0,0.0,45.0,0.014432374702933619,1360,0.027460983696858197,-0.027460983696858197,-0.014432374702933619,0.0
020,INTRACRANIAL VASCULAR PROCEDURES WITH PRINCIPAL DIAGNOSIS HEMORRHAGE WITH MCC,0.0,0.0,14.0,0.004490072129801571,833,0.016819852514325648,-0.016819852514325648,-0.004490072129801571,0.0
029,SPINAL PROCEDURES WITH CC OR SPINAL NEUROSTIMULATORS,0.0,0.0,13.0,0.004169352691958602,548,0.011065161077851687,-0.011065161077851687,-0.004169352691958602,0.0
032,VENTRICULAR SHUNT PROCEDURES WITH CC,0.0,0.0,28.0,0.008980144259603142,487,0.009833455191448489,-0.009833455191448489,-0.008980144259603142,0.0
033,VENTRICULAR SHUNT PROCEDURES WITHOUT CC/MCC,0.0,0.0,26.0,0.008338705383917204,755,0.01524488433171172,-0.01524488433171172,-0.008338705383917204,0.0
034,CAROTID ARTERY STENT PROCEDURES WITH MCC,0.0,0.0,15.0,0.00481079156764454,202,0.004078763754974527,-0.004078763754974527,-0.00481079156764454,0.0
035,CAROTID ARTERY STENT PROCEDURES WITH CC,0.0,0.0,304.0,0.09749870910426268,2811,0.056759430273432644,-0.056759430273432644,-0.09749870910426268,0.0
037,EXTRACRANIAL PROCEDURES WITH MCC,0.0,0.0,11.0,0.0035279138162726625,119,0.0024028360734750925,-0.0024028360734750925,-0.0035279138162726625,0.0
040,"PERIPHERAL, CRANIAL NERVE AND OTHER NERVOUS SYSTEM PROCEDURES WITH MCC",0.0,0.0,43.0,0.01379093582724768,879,0.017748679904072324,-0.017748679904072324,-0.01379093582724768,0.0
041,"PERIPHERAL, CRANIAL NERVE AND OTHER NERVOUS SYSTEM PROCEDURES WITH CC OR PERIPHERAL NEUR",0.0,0.0,52.0,0.016677410767834407,1631,0.03293298853645274,-0.03293298853645274,-0.016677410767834407,0.0
042,"PERIPHERAL, CRANIAL NERVE AND OTHER NERVOUS SYSTEM PROCEDURES WITHOUT CC/MCC",0.0,0.0,12.0,0.0038486332541156324,74,0.0014942005835055197,-0.0014942005835055197,-0.0038486332541156324,0.0
055,NERVOUS SYSTEM NEOPLASMS WITHOUT MCC,0.0,0.0,11.0,0.0035279138162726625,132,0.0026653307705774136,-0.0026653307705774136,-0.0035279138162726625,0.0
061,"ISCHEMIC STROKE, PRECEREBRAL OCCLUSION OR TRANSIENT ISCHEMIA WITH THROMBOLYTIC AGENT WIT",0.0,0.0,23.0,0.007376547070388295,426,0.00860174930504529,-0.00860174930504529,-0.007376547070388295,0.0
062,"ISCHEMIC STROKE, PRECEREBRAL OCCLUSION OR TRANSIENT ISCHEMIA WITH THROMBOLYTIC AGENT WIT",0.0,0.0,142.0,0.04554216017370165,1826,0.036870408992987554,-0.036870408992987554,-0.04554216017370165,0.0
068,PRECEREBRAL OCCLUSION WITHOUT INFARCTION WITHOUT MCC,0.0,0.0,46.0,0.01475309414077659,549,0.011085352977628788,-0.011085352977628788,-0.01475309414077659,0.0
070,OTHER CEREBROVASCULAR DISORDERS WITH MCC,0.0,0.0,902.0,0.28928893293435837,10982,0.22174744335212998,-0.22174744335212998,-0.28928893293435837,0.0
072,OTHER CEREBROVASCULAR DISORDERS WITHOUT CC/MCC,0.0,0.0,13.0,0.004169352691958602,50,0.0010095949888550809,-0.0010095949888550809,-0.004169352691958602,0.0
080,NONTRAUMATIC STUPOR AND COMA WITH MCC,0.0,0.0,71.0,0.022771080086850824,86,0.001736503380830739,-0.001736503380830739,-0.022771080086850824,0.0
084,TRAUMATIC STUPOR AND COMA >1 HOUR WITHOUT CC/MCC,0.0,0.0,73.0,0.023412518962536762,692,0.01397279464575432,-0.01397279464575432,-0.023412518962536762,0.0
087,TRAUMATIC STUPOR AND COMA <1 HOUR WITHOUT CC/MCC,0.0,0.0,67.0,0.021488202335478948,1091,0.022029362656817864,-0.022029362656817864,-0.021488202335478948,0.0
093,OTHER DISORDERS OF NERVOUS SYSTEM WITHOUT CC/MCC,0.0,0.0,25.0,0.008017985946074235,741,0.0149621977348323,-0.0149621977348323,-0.008017985946074235,0.0
103,HEADACHES WITHOUT MCC,0.0,0.0,63.0,0.02020532458410707,2179,0.04399814961430443,-0.04399814961430443,-0.02020532458410707,0.0
115,EXTRAOCULAR PROCEDURES EXCEPT ORBIT,0.0,0.0,15.0,0.00481079156764454,45,0.0009086354899695729,-0.0009086354899695729,-0.00481079156764454,0.0
123,NEUROLOGICAL EYE DISORDERS,0.0,0.0,15.0,0.00481079156764454,190,0.003836460957649308,-0.003836460957649308,-0.00481079156764454,0.0
125,OTHER DISORDERS OF THE EYE WITHOUT MCC,0.0,0.0,25.0,0.008017985946074235,709,0.014316056941965047,-0.014316056941965047,-0.008017985946074235,0.0
141,MAJOR HEAD AND NECK PROCEDURES WITH CC,0.0,0.0,70.0,0.022450360649007853,1174,0.0237052903383173,-0.0237052903383173,-0.022450360649007853,0.0
142,MAJOR HEAD AND NECK PROCEDURES WITHOUT CC/MCC,0.0,0.0,34.0,0.010904460886660958,159,0.003210512064559157,-0.003210512064559157,-0.010904460886660958,0.0
144,"OTHER EAR, NOSE, MOUTH AND THROAT O.R. PROCEDURES WITH CC",0.0,0.0,23.0,0.007376547070388295,180,0.0036345419598782917,-0.0036345419598782917,-0.007376547070388295,0.0
145,"OTHER EAR, NOSE, MOUTH AND THROAT O.R. PROCEDURES WITHOUT CC/MCC",0.0,0.0,30.0,0.00962158313528908,118,0.002382644173697991,-0.002382644173697991,-0.00962158313528908,0.0
146,"EAR, NOSE, MOUTH AND THROAT MALIGNANCY WITH MCC",0.0,0.0,11.0,0.0035279138162726625,52,0.001049978788409284,-0.001049978788409284,-0.0035279138162726625,0.0
149,DYSEQUILIBRIUM,0.0,0.0,182.0,0.058370937687420424,7721,0.1559016581790016,-0.1559016581790016,-0.058370937687420424,0.0
153,OTITIS MEDIA AND URI WITHOUT MCC,0.0,0.0,11.0,0.0035279138162726625,390,0.007874840913069631,-0.007874840913069631,-0.0035279138162726625,0.0
167,OTHER RESPIRATORY SYSTEM O.R. PROCEDURES WITH CC,0.0,0.0,67.0,0.021488202335478948,965,0.01948518328490306,-0.01948518328490306,-0.021488202335478948,0.0
168,OTHER RESPIRATORY SYSTEM O.R. PROCEDURES WITHOUT CC/MCC,0.0,0.0,12.0,0.0038486332541156324,76,0.0015345843830597231,-0.0015345843830597231,-0.0038486332541156324,0.0
183,MAJOR CHEST TRAUMA WITH MCC,0.0,0.0,142.0,0.04554216017370165,2895,0.05845554985470919,-0.05845554985470919,-0.04554216017370165,0.0
186,PLEURAL EFFUSION WITH MCC,0.0,0.0,118.0,0.03784489366547038,1751,0.035356016509704935,-0.035356016509704935,-0.03784489366547038,0.0
192,CHRONIC OBSTRUCTIVE PULMONARY DISEASE WITHOUT CC/MCC,0.0,0.0,32.0,0.01026302201097502,322,0.006501791728226721,-0.006501791728226721,-0.01026302201097502,0.0
199,PNEUMOTHORAX WITH MCC,0.0,0.0,117.0,0.03752417422762742,1183,0.023887017436311213,-0.023887017436311213,-0.03752417422762742,0.0
204,RESPIRATORY SIGNS AND SYMPTOMS,0.0,0.0,23.0,0.007376547070388295,495,0.009994990389665302,-0.009994990389665302,-0.007376547070388295,0.0
212,CONCOMITANT AORTIC AND MITRAL VALVE PROCEDURES,0.0,0.0,11.0,0.0035279138162726625,245,0.004947015445389896,-0.004947015445389896,-0.0035279138162726625,0.0
215,OTHER HEART ASSIST SYSTEM IMPLANT,0.0,0.0,40.0,0.012828777513718774,656,0.013245886253778661,-0.013245886253778661,-0.012828777513718774,0.0
216,CARDIAC VALVE AND OTHER MAJOR CARDIOTHORACIC PROCEDURES WITH CARDIAC CATHETERIZATION WIT,0.0,0.0,150.0,0.04810791567644541,2577,0.05203452572559087,-0.05203452572559087,-0.04810791567644541,0.0
217,CARDIAC VALVE AND OTHER MAJOR CARDIOTHORACIC PROCEDURES WITH CARDIAC CATHETERIZATION WIT,0.0,0.0,12.0,0.0038486332541156324,344,0.006946013523322956,-0.006946013523322956,-0.0038486332541156324,0.0
221,CARDIAC VALVE AND OTHER MAJOR CARDIOTHORACIC PROCEDURES WITHOUT CARDIAC CATHETERIZATION,0.0,0.0,23.0,0.007376547070388295,175,0.0035335824609927834,-0.0035335824609927834,-0.007376547070388295,0.0
228,OTHER CARDIOTHORACIC PROCEDURES WITH MCC,0.0,0.0,159.0,0.05099439061703213,2279,0.04601733959201459,-0.04601733959201459,-0.05099439061703213,0.0
229,OTHER CARDIOTHORACIC PROCEDURES WITHOUT MCC,0.0,0.0,278.0,0.08916000372034548,3889,0.07852629823314819,-0.07852629823314819,-0.08916000372034548,0.0
231,CORONARY BYPASS WITH PTCA WITH MCC,0.0,0.0,17.0,0.005452230443330479,30,0.0006057569933130486,-0.0006057569933130486,-0.005452230443330479,0.0
239,AMPUTATION FOR CIRCULATORY SYSTEM DISORDERS EXCEPT UPPER LIMB AND TOE WITH MCC,0.0,0.0,113.0,0.03624129647625554,1489,0.03006573876810431,-0.03006573876810431,-0.03624129647625554,0.0
240,AMPUTATION FOR CIRCULATORY SYSTEM DISORDERS EXCEPT UPPER LIMB AND TOE WITH CC,0.0,0.0,39.0,0.012508058075875805,848,0.017122731010982172,-0.017122731010982172,-0.012508058075875805,0.0
268,AORTIC AND HEART ASSIST PROCEDURES EXCEPT PULSATION BALLOON WITH MCC,0.0,0.0,37.0,0.011866619200189867,529,0.010681514982086755,-0.010681514982086755,-0.011866619200189867,0.0
272,OTHER MAJOR CARDIOVASCULAR PROCEDURES WITHOUT CC/MCC,0.0,0.0,15.0,0.00481079156764454,403,0.008137335610171952,-0.008137335610171952,-0.00481079156764454,0.0
273,PERCUTANEOUS AND OTHER INTRACARDIAC PROCEDURES WITH MCC,0.0,0.0,247.0,0.07921770114721342,5244,0.1058863224311209,-0.1058863224311209,-0.07921770114721342,0.0
276,CARDIAC DEFIBRILLATOR IMPLANT WITH MCC OR CAROTID SINUS NEUROSTIMULATOR,0.0,0.0,11.0,0.0035279138162726625,628,0.012680513060019815,-0.012680513060019815,-0.0035279138162726625,0.0
277,CARDIAC DEFIBRILLATOR IMPLANT WITHOUT MCC,0.0,0.0,24.0,0.007697266508231265,826,0.01667850921588594,-0.01667850921588594,-0.007697266508231265,0.0
293,HEART FAILURE AND SHOCK WITHOUT CC/MCC,0.0,0.0,11.0,0.0035279138162726625,11,0.0002221108975481178,-0.0002221108975481178,-0.0035279138162726625,0.0
301,PERIPHERAL VASCULAR DISORDERS WITHOUT CC/MCC,0.0,0.0,23.0,0.007376547070388295,289,0.005835459035582368,-0.005835459035582368,-0.007376547070388295,0.0
303,ATHEROSCLEROSIS WITHOUT MCC,0.0,0.0,180.0,0.057729498811734475,1860,0.037556933585409014,-0.037556933585409014,-0.057729498811734475,0.0
306,CARDIAC CONGENITAL AND VALVULAR DISORDERS WITH MCC,0.0,0.0,12.0,0.0038486332541156324,664,0.013407421451995475,-0.013407421451995475,-0.0038486332541156324,0.0
311,ANGINA PECTORIS,0.0,0.0,11.0,0.0035279138162726625,61,0.0012317058864031987,-0.0012317058864031987,-0.0035279138162726625,0.0
317,CONCOMITANT LEFT ATRIAL APPENDAGE CLOSURE AND CARDIAC ABLATION,0.0,0.0,49.0,0.0157152524543055,584,0.011792069469827346,-0.011792069469827346,-0.0157152524543055,0.0
323,CORONARY INTRAVASCULAR LITHOTRIPSY WITH INTRALUMINAL DEVICE WITH MCC,0.0,0.0,43.0,0.01379093582724768,1218,0.024593733928509776,-0.024593733928509776,-0.01379093582724768,0.0
324,CORONARY INTRAVASCULAR LITHOTRIPSY WITH INTRALUMINAL DEVICE WITHOUT MCC,0.0,0.0,111.0,0.0355998576005696,1821,0.03676944949410205,-0.03676944949410205,-0.0355998576005696,0.0
326,"STOMACH, ESOPHAGEAL AND DUODENAL PROCEDURES WITH MCC",0.0,0.0,230.0,0.07376547070388295,3853,0.07779938984117253,-0.07779938984117253,-0.07376547070388295,0.0
354,HERNIA PROCEDURES EXCEPT INGUINAL AND FEMORAL WITH CC,0.0,0.0,41.0,0.013149496951561743,1272,0.025684096516473257,-0.025684096516473257,-0.013149496951561743,0.0
357,OTHER DIGESTIVE SYSTEM O.R. PROCEDURES WITH CC,0.0,0.0,37.0,0.011866619200189867,629,0.012700704959796917,-0.012700704959796917,-0.011866619200189867,0.0
368,MAJOR ESOPHAGEAL DISORDERS WITH MCC,0.0,0.0,30.0,0.00962158313528908,314,0.006340256530009907,-0.006340256530009907,-0.00962158313528908,0.0
374,DIGESTIVE MALIGNANCY WITH MCC,0.0,0.0,187.0,0.05997453487663527,5486,0.11077276217717949,-0.11077276217717949,-0.05997453487663527,0.0
375,DIGESTIVE MALIGNANCY WITH CC,0.0,0.0,165.0,0.05291870724408994,3494,0.07055049782119305,-0.07055049782119305,-0.05291870724408994,0.0
379,GASTROINTESTINAL HEMORRHAGE WITHOUT CC/MCC,0.0,0.0,41.0,0.013149496951561743,1039,0.020979383868408582,-0.020979383868408582,-0.013149496951561743,0.0
380,COMPLICATED PEPTIC ULCER WITH MCC,0.0,0.0,11.0,0.0035279138162726625,678,0.013690108048874898,-0.013690108048874898,-0.0035279138162726625,0.0
381,COMPLICATED PEPTIC ULCER WITH CC,0.0,0.0,38.0,0.012187338638032836,481,0.009712303792785879,-0.009712303792785879,-0.012187338638032836,0.0
385,INFLAMMATORY BOWEL DISEASE WITH MCC,0.0,0.0,11.0,0.0035279138162726625,111,0.00224130087525828,-0.00224130087525828,-0.0035279138162726625,0.0
395,OTHER DIGESTIVE SYSTEM DIAGNOSES WITHOUT CC/MCC,0.0,0.0,13.0,0.004169352691958602,517,0.010439212184761537,-0.010439212184761537,-0.004169352691958602,0.0
398,APPENDIX PROCEDURES WITH CC,0.0,0.0,12.0,0.0038486332541156324,210,0.00424029895319134,-0.00424029895319134,-0.0038486332541156324,0.0
405,"PANCREAS, LIVER AND SHUNT PROCEDURES WITH MCC",0.0,0.0,77.0,0.02469539671390864,1759,0.03551755170792174,-0.03551755170792174,-0.02469539671390864,0.0
406,"PANCREAS, LIVER AND SHUNT PROCEDURES WITH CC",0.0,0.0,159.0,0.05099439061703213,3016,0.06089876972773848,-0.06089876972773848,-0.05099439061703213,0.0
407,"PANCREAS, LIVER AND SHUNT PROCEDURES WITHOUT CC/MCC",0.0,0.0,15.0,0.00481079156764454,282,0.005694115737142656,-0.005694115737142656,-0.00481079156764454,0.0
419,LAPAROSCOPIC CHOLECYSTECTOMY WITHOUT C.D.E. WITHOUT CC/MCC,0.0,0.0,89.0,0.028544029968024274,2460,0.04967207345166998,-0.04967207345166998,-0.028544029968024274,0.0
423,OTHER HEPATOBILIARY OR PANCREAS O.R. PROCEDURES WITH MCC,0.0,0.0,12.0,0.0038486332541156324,39,0.000787484091306963,-0.000787484091306963,-0.0038486332541156324,0.0
426,MULTIPLE LEVEL COMBINED ANTERIOR AND POSTERIOR SPINAL FUSION EXCEPT CERVICAL WITH MCC OR,0.0,0.0,12.0,0.0038486332541156324,81,0.0016355438819452312,-0.0016355438819452312,-0.0038486332541156324,0.0
427,MULTIPLE LEVEL COMBINED ANTERIOR AND POSTERIOR SPINAL FUSION EXCEPT CERVICAL WITH CC,0.0,0.0,63.0,0.02020532458410707,1170,0.023624522739208894,-0.023624522739208894,-0.02020532458410707,0.0
436,MALIGNANCY OF HEPATOBILIARY SYSTEM OR PANCREAS WITH CC,0.0,0.0,80.0,0.025657555027437547,908,0.01833424499760827,-0.01833424499760827,-0.025657555027437547,0.0
438,DISORDERS OF PANCREAS EXCEPT MALIGNANCY WITH MCC,0.0,0.0,78.0,0.02501611615175161,2641,0.05332680731132538,-0.05332680731132538,-0.02501611615175161,0.0
440,DISORDERS OF PANCREAS EXCEPT MALIGNANCY WITHOUT CC/MCC,0.0,0.0,20.0,0.006414388756859387,263,0.005310469641377726,-0.005310469641377726,-0.006414388756859387,0.0
442,"DISORDERS OF LIVER EXCEPT MALIGNANCY, CIRRHOSIS OR ALCOHOLIC HEPATITIS WITH CC",0.0,0.0,292.0,0.09365007585014705,4126,0.08331177848032127,-0.08331177848032127,-0.09365007585014705,0.0
446,DISORDERS OF THE BILIARY TRACT WITHOUT CC/MCC,0.0,0.0,62.0,0.0198846051462641,495,0.009994990389665302,-0.009994990389665302,-0.0198846051462641,0.0
448,MULTIPLE LEVEL SPINAL FUSION EXCEPT CERVICAL WITHOUT MCC,0.0,0.0,97.0,0.031109785470768026,839,0.016941003912988258,-0.016941003912988258,-0.031109785470768026,0.0
453,COMBINED ANTERIOR AND POSTERIOR SPINAL FUSION WITH MCC,0.0,0.0,41.0,0.013149496951561743,1012,0.020434202574426838,-0.020434202574426838,-0.013149496951561743,0.0
457,"SPINAL FUSION EXCEPT CERVICAL WITH SPINAL CURVATURE, MALIGNANCY, INFECTION OR EXTENSIVE",0.0,0.0,103.0,0.03303410209782584,1710,0.03452814861884377,-0.03452814861884377,-0.03303410209782584,0.0
458,"SPINAL FUSION EXCEPT CERVICAL WITH SPINAL CURVATURE, MALIGNANCY, INFECTION OR EXTENSIVE",0.0,0.0,11.0,0.0035279138162726625,119,0.0024028360734750925,-0.0024028360734750925,-0.0035279138162726625,0.0
459,SPINAL FUSION EXCEPT CERVICAL WITH MCC,0.0,0.0,41.0,0.013149496951561743,388,0.007834457113515427,-0.007834457113515427,-0.013149496951561743,0.0
462,BILATERAL OR MULTIPLE MAJOR JOINT PROCEDURES OF LOWER EXTREMITY WITHOUT MCC,0.0,0.0,56.0,0.017960288519206283,590,0.011913220868489954,-0.011913220868489954,-0.017960288519206283,0.0
463,WOUND DEBRIDEMENT AND SKIN GRAFT EXCEPT HAND FOR MUSCULOSKELETAL AND CONNECTIVE TISSUE D,0.0,0.0,62.0,0.0198846051462641,816,0.01647659021811492,-0.01647659021811492,-0.0198846051462641,0.0
464,WOUND DEBRIDEMENT AND SKIN GRAFT EXCEPT HAND FOR MUSCULOSKELETAL AND CONNECTIVE TISSUE D,0.0,0.0,85.0,0.027261152216652398,2034,0.04107032414662469,-0.04107032414662469,-0.027261152216652398,0.0
466,REVISION OF HIP OR KNEE REPLACEMENT WITH MCC,0.0,0.0,66.0,0.021167482897635977,992,0.020030364578884807,-0.020030364578884807,-0.021167482897635977,0.0
469,MAJOR HIP AND KNEE JOINT REPLACEMENT OR REATTACHMENT OF LOWER EXTREMITY WITH MCC OR TOTA,0.0,0.0,11.0,0.0035279138162726625,1160,0.023422603741437877,-0.023422603741437877,-0.0035279138162726625,0.0
474,AMPUTATION FOR MUSCULOSKELETAL SYSTEM AND CONNECTIVE TISSUE DISORDERS WITH MCC,0.0,0.0,11.0,0.0035279138162726625,84,0.0016961195812765359,-0.0016961195812765359,-0.0035279138162726625,0.0
475,AMPUTATION FOR MUSCULOSKELETAL SYSTEM AND CONNECTIVE TISSUE DISORDERS WITH CC,0.0,0.0,11.0,0.0035279138162726625,126,0.0025441793719148042,-0.0025441793719148042,-0.0035279138162726625,0.0
478,BIOPSIES OF MUSCULOSKELETAL SYSTEM AND CONNECTIVE TISSUE WITH CC,0.0,0.0,96.0,0.03078906603292506,1480,0.029884011670110393,-0.029884011670110393,-0.03078906603292506,0.0
488,KNEE PROCEDURES WITHOUT PRINCIPAL DIAGNOSIS OF INFECTION WITH CC/MCC,0.0,0.0,11.0,0.0035279138162726625,154,0.0031095525656736497,-0.0031095525656736497,-0.0035279138162726625,0.0
489,KNEE PROCEDURES WITHOUT PRINCIPAL DIAGNOSIS OF INFECTION WITHOUT CC/MCC,0.0,0.0,11.0,0.0035279138162726625,231,0.004664328848510473,-0.004664328848510473,-0.0035279138162726625,0.0
492,"LOWER EXTREMITY AND HUMERUS PROCEDURES EXCEPT HIP, FOOT AND FEMUR WITH MCC",0.0,0.0,71.0,0.022771080086850824,1225,0.024735077226949485,-0.024735077226949485,-0.022771080086850824,0.0
501,SOFT TISSUE PROCEDURES WITH CC,0.0,0.0,41.0,0.013149496951561743,409,0.008258487008834562,-0.008258487008834562,-0.013149496951561743,0.0
515,OTHER MUSCULOSKELETAL SYSTEM AND CONNECTIVE TISSUE O.R. PROCEDURES WITH MCC,0.0,0.0,49.0,0.0157152524543055,1005,0.02029285927598713,-0.02029285927598713,-0.0157152524543055,0.0
542,PATHOLOGICAL FRACTURES AND MUSCULOSKELETAL AND CONNECTIVE TISSUE MALIGNANCY WITH MCC,0.0,0.0,109.0,0.03495841872488366,3536,0.07139855761183132,-0.07139855761183132,-0.03495841872488366,0.0
545,CONNECTIVE TISSUE DISORDERS WITH MCC,0.0,0.0,11.0,0.0035279138162726625,863,0.017425609507638697,-0.017425609507638697,-0.0035279138162726625,0.0
554,BONE DISEASES AND ARTHROPATHIES WITHOUT MCC,0.0,0.0,103.0,0.03303410209782584,3500,0.07067164921985566,-0.07067164921985566,-0.03303410209782584,0.0
558,"TENDONITIS, MYOSITIS AND BURSITIS WITHOUT MCC",0.0,0.0,23.0,0.007376547070388295,1087,0.021948595057709457,-0.021948595057709457,-0.007376547070388295,0.0
559,"AFTERCARE, MUSCULOSKELETAL SYSTEM AND CONNECTIVE TISSUE WITH MCC",0.0,0.0,13.0,0.004169352691958602,264,0.005330661541154827,-0.005330661541154827,-0.004169352691958602,0.0
560,"AFTERCARE, MUSCULOSKELETAL SYSTEM AND CONNECTIVE TISSUE WITH CC",0.0,0.0,25.0,0.008017985946074235,1076,0.02172648416016134,-0.02172648416016134,-0.008017985946074235,0.0
562,"FRACTURE, SPRAIN, STRAIN AND DISLOCATION EXCEPT FEMUR, HIP, PELVIS AND THIGH WITH MCC",0.0,0.0,46.0,0.01475309414077659,1309,0.026431196808226018,-0.026431196808226018,-0.01475309414077659,0.0
564,OTHER MUSCULOSKELETAL SYSTEM AND CONNECTIVE TISSUE DIAGNOSES WITH MCC,0.0,0.0,13.0,0.004169352691958602,715,0.014437208340627658,-0.014437208340627658,-0.004169352691958602,0.0
565,OTHER MUSCULOSKELETAL SYSTEM AND CONNECTIVE TISSUE DIAGNOSES WITH CC,0.0,0.0,29.0,0.00930086369744611,1701,0.03434642152084985,-0.03434642152084985,-0.00930086369744611,0.0
571,SKIN DEBRIDEMENT WITH CC,0.0,0.0,12.0,0.0038486332541156324,258,0.005209510142492217,-0.005209510142492217,-0.0038486332541156324,0.0
577,SKIN GRAFT EXCEPT FOR SKIN ULCER OR CELLULITIS WITH CC,0.0,0.0,22.0,0.007055827632545325,177,0.003573966260546987,-0.003573966260546987,-0.007055827632545325,0.0
579,"OTHER SKIN, SUBCUTANEOUS TISSUE AND BREAST PROCEDURES WITH MCC",0.0,0.0,26.0,0.008338705383917204,210,0.00424029895319134,-0.00424029895319134,-0.008338705383917204,0.0
580,"OTHER SKIN, SUBCUTANEOUS TISSUE AND BREAST PROCEDURES WITH CC",0.0,0.0,79.0,0.025336835589594577,1201,0.024250471632299046,-0.024250471632299046,-0.025336835589594577,0.0
592,SKIN ULCERS WITH MCC,0.0,0.0,30.0,0.00962158313528908,205,0.004139339454305832,-0.004139339454305832,-0.00962158313528908,0.0
607,MINOR SKIN DISORDERS WITHOUT MCC,0.0,0.0,46.0,0.01475309414077659,719,0.014517975939736064,-0.014517975939736064,-0.01475309414077659,0.0
614,ADRENAL AND PITUITARY PROCEDURES WITH CC/MCC,0.0,0.0,18.0,0.005772949881173448,916,0.018495780195825085,-0.018495780195825085,-0.005772949881173448,0.0
615,ADRENAL AND PITUITARY PROCEDURES WITHOUT CC/MCC,0.0,0.0,11.0,0.0035279138162726625,284,0.005734499536696859,-0.005734499536696859,-0.0035279138162726625,0.0
616,"AMPUTATION OF LOWER LIMB FOR ENDOCRINE, NUTRITIONAL AND METABOLIC DISORDERS WITH MCC",0.0,0.0,13.0,0.004169352691958602,33,0.0006663326926443534,-0.0006663326926443534,-0.004169352691958602,0.0
617,"AMPUTATION OF LOWER LIMB FOR ENDOCRINE, NUTRITIONAL AND METABOLIC DISORDERS WITH CC",0.0,0.0,256.0,0.08210417608780016,4466,0.09017702440453582,-0.09017702440453582,-0.08210417608780016,0.0
621,O.R. PROCEDURES FOR OBESITY WITHOUT CC/MCC,0.0,0.0,61.0,0.01956388570842113,1084,0.021888019358378155,-0.021888019358378155,-0.01956388570842113,0.0
623,"SKIN GRAFTS AND WOUND DEBRIDEMENT FOR ENDOCRINE, NUTRITIONAL AND METABOLIC DISORDERS WIT",0.0,0.0,25.0,0.008017985946074235,360,0.007269083919756583,-0.007269083919756583,-0.008017985946074235,0.0
628,"OTHER ENDOCRINE, NUTRITIONAL AND METABOLIC O.R. PROCEDURES WITH MCC",0.0,0.0,12.0,0.0038486332541156324,88,0.0017768871803849424,-0.0017768871803849424,-0.0038486332541156324,0.0
629,"OTHER ENDOCRINE, NUTRITIONAL AND METABOLIC O.R. PROCEDURES WITH CC",0.0,0.0,15.0,0.00481079156764454,325,0.006562367427558025,-0.006562367427558025,-0.00481079156764454,0.0
639,DIABETES WITHOUT CC/MCC,0.0,0.0,12.0,0.0038486332541156324,158,0.0031903201647820556,-0.0031903201647820556,-0.0038486332541156324,0.0
650,KIDNEY TRANSPLANT WITH HEMODIALYSIS WITH MCC,0.0,0.0,111.0,0.0355998576005696,2130,0.043008746525226446,-0.043008746525226446,-0.0355998576005696,0.0
652,KIDNEY TRANSPLANT,0.0,0.0,377.0,0.12091122806679945,6202,0.12523016241758425,-0.12523016241758425,-0.12091122806679945,0.0
654,MAJOR BLADDER PROCEDURES WITH CC,0.0,0.0,39.0,0.012508058075875805,1511,0.030509960563200544,-0.030509960563200544,-0.012508058075875805,0.0
656,KIDNEY AND URETER PROCEDURES FOR NEOPLASM WITH MCC,0.0,0.0,11.0,0.0035279138162726625,329,0.006643135026666432,-0.006643135026666432,-0.0035279138162726625,0.0
657,KIDNEY AND URETER PROCEDURES FOR NEOPLASM WITH CC,0.0,0.0,90.0,0.028864749405867238,2505,0.05058070894163955,-0.05058070894163955,-0.028864749405867238,0.0
658,KIDNEY AND URETER PROCEDURES FOR NEOPLASM WITHOUT CC/MCC,0.0,0.0,89.0,0.028544029968024274,1248,0.025199490921822817,-0.025199490921822817,-0.028544029968024274,0.0
659,KIDNEY AND URETER PROCEDURES FOR NON-NEOPLASM WITH MCC,0.0,0.0,262.0,0.08402849271485796,4378,0.08840013722415088,-0.08840013722415088,-0.08402849271485796,0.0
661,KIDNEY AND URETER PROCEDURES FOR NON-NEOPLASM WITHOUT CC/MCC,0.0,0.0,238.0,0.0763312262066267,3619,0.07307448529333076,-0.07307448529333076,-0.0763312262066267,0.0
674,OTHER KIDNEY AND URINARY TRACT PROCEDURES WITH CC,0.0,0.0,90.0,0.028864749405867238,1454,0.029359022275905755,-0.029359022275905755,-0.028864749405867238,0.0
684,RENAL FAILURE WITHOUT CC/MCC,0.0,0.0,120.0,0.03848633254115632,901,0.01819290169916856,-0.01819290169916856,-0.03848633254115632,0.0
713,TRANSURETHRAL PROSTATECTOMY WITH CC/MCC,0.0,0.0,27.0,0.008659424821760173,748,0.01510354103327201,-0.01510354103327201,-0.008659424821760173,0.0
734,"PELVIC EVISCERATION, RADICAL HYSTERECTOMY AND RADICAL VULVECTOMY WITH CC/MCC",0.0,0.0,13.0,0.004169352691958602,28,0.0005653731937588453,-0.0005653731937588453,-0.004169352691958602,0.0
737,UTERINE AND ADNEXA PROCEDURES FOR OVARIAN OR ADNEXAL MALIGNANCY WITH CC,0.0,0.0,12.0,0.0038486332541156324,555,0.011206504376291398,-0.011206504376291398,-0.0038486332541156324,0.0
742,UTERINE AND ADNEXA PROCEDURES FOR NON-MALIGNANCY WITH CC/MCC,0.0,0.0,22.0,0.007055827632545325,452,0.009126738699249931,-0.009126738699249931,-0.007055827632545325,0.0
743,UTERINE AND ADNEXA PROCEDURES FOR NON-MALIGNANCY WITHOUT CC/MCC,0.0,0.0,66.0,0.021167482897635977,386,0.007794073313961224,-0.007794073313961224,-0.021167482897635977,0.0
748,FEMALE REPRODUCTIVE SYSTEM RECONSTRUCTIVE PROCEDURES,0.0,0.0,21.0,0.006735108194702356,162,0.0032710877638904624,-0.0032710877638904624,-0.006735108194702356,0.0
754,"MALIGNANCY, FEMALE REPRODUCTIVE SYSTEM WITH MCC",0.0,0.0,12.0,0.0038486332541156324,102,0.002059573777264365,-0.002059573777264365,-0.0038486332541156324,0.0
808,MAJOR HEMATOLOGICAL AND IMMUNOLOGICAL DIAGNOSES EXCEPT SICKLE CELL CRISIS AND COAGULATIO,0.0,0.0,132.0,0.042334965795271955,2337,0.04718846977908648,-0.04718846977908648,-0.042334965795271955,0.0
809,MAJOR HEMATOLOGICAL AND IMMUNOLOGICAL DIAGNOSES EXCEPT SICKLE CELL CRISIS AND COAGULATIO,0.0,0.0,238.0,0.0763312262066267,3674,0.07418503978107134,-0.07418503978107134,-0.0763312262066267,0.0
814,RETICULOENDOTHELIAL AND IMMUNITY DISORDERS WITH MCC,0.0,0.0,16.0,0.00513151100548751,355,0.007168124420871074,-0.007168124420871074,-0.00513151100548751,0.0
815,RETICULOENDOTHELIAL AND IMMUNITY DISORDERS WITH CC,0.0,0.0,12.0,0.0038486332541156324,146,0.0029480173674568365,-0.0029480173674568365,-0.0038486332541156324,0.0
827,MYELOPROLIFERATIVE DISORDERS OR POORLY DIFFERENTIATED NEOPLASMS WITH MAJOR O.R. PROCEDUR,0.0,0.0,18.0,0.005772949881173448,407,0.008218103209280358,-0.008218103209280358,-0.005772949881173448,0.0
828,MYELOPROLIFERATIVE DISORDERS OR POORLY DIFFERENTIATED NEOPLASMS WITH MAJOR O.R. PROCEDUR,0.0,0.0,12.0,0.0038486332541156324,103,0.0020797656770414666,-0.0020797656770414666,-0.0038486332541156324,0.0
829,MYELOPROLIFERATIVE DISORDERS OR POORLY DIFFERENTIATED NEOPLASMS WITH OTHER PROCEDURES WI,0.0,0.0,12.0,0.0038486332541156324,293,0.005916226634690774,-0.005916226634690774,-0.0038486332541156324,0.0
834,ACUTE LEUKEMIA WITH MCC,0.0,0.0,184.0,0.05901237656310636,2220,0.04482601750516559,-0.04482601750516559,-0.05901237656310636,0.0
837,CHEMOTHERAPY WITH ACUTE LEUKEMIA AS SECONDARY DIAGNOSIS OR WITH HIGH DOSE CHEMOTHERAPY A,0.0,0.0,83.0,0.02661971334096646,1063,0.02146398946305902,-0.02146398946305902,-0.02661971334096646,0.0
838,CHEMOTHERAPY WITH ACUTE LEUKEMIA AS SECONDARY DIAGNOSIS WITH CC OR HIGH DOSE CHEMOTHERAP,0.0,0.0,55.0,0.017639569081363313,518,0.010459404084538639,-0.010459404084538639,-0.017639569081363313,0.0
839,CHEMOTHERAPY WITH ACUTE LEUKEMIA AS SECONDARY DIAGNOSIS WITHOUT CC/MCC,0.0,0.0,13.0,0.004169352691958602,36,0.0007269083919756583,-0.0007269083919756583,-0.004169352691958602,0.0
841,LYMPHOMA AND NON-ACUTE LEUKEMIA WITH CC,0.0,0.0,80.0,0.025657555027437547,1686,0.03404354302419332,-0.03404354302419332,-0.025657555027437547,0.0
842,LYMPHOMA AND NON-ACUTE LEUKEMIA WITHOUT CC/MCC,0.0,0.0,11.0,0.0035279138162726625,11,0.0002221108975481178,-0.0002221108975481178,-0.0035279138162726625,0.0
846,CHEMOTHERAPY WITHOUT ACUTE LEUKEMIA AS SECONDARY DIAGNOSIS WITH MCC,0.0,0.0,86.0,0.02758187165449536,2074,0.04187800013770876,-0.04187800013770876,-0.02758187165449536,0.0
847,CHEMOTHERAPY WITHOUT ACUTE LEUKEMIA AS SECONDARY DIAGNOSIS WITH CC,0.0,0.0,324.0,0.10391309786112207,6635,0.13397325502106922,-0.13397325502106922,-0.10391309786112207,0.0
857,POSTOPERATIVE OR POST-TRAUMATIC INFECTIONS WITH O.R. PROCEDURES WITH CC,0.0,0.0,191.0,0.061257412628007143,2444,0.04934900305523635,-0.04934900305523635,-0.061257412628007143,0.0
865,VIRAL ILLNESS WITH MCC,0.0,0.0,11.0,0.0035279138162726625,272,0.00549219673937164,-0.00549219673937164,-0.0035279138162726625,0.0
866,VIRAL ILLNESS WITHOUT MCC,0.0,0.0,12.0,0.0038486332541156324,536,0.010822858280526466,-0.010822858280526466,-0.0038486332541156324,0.0
867,OTHER INFECTIOUS AND PARASITIC DISEASES DIAGNOSES WITH MCC,0.0,0.0,182.0,0.058370937687420424,262,0.005290277741600624,-0.005290277741600624,-0.058370937687420424,0.0
881,DEPRESSIVE NEUROSES,0.0,0.0,29.0,0.00930086369744611,472,0.009530576694791964,-0.009530576694791964,-0.00930086369744611,0.0
895,"ALCOHOL, DRUG ABUSE OR DEPENDENCE WITH REHABILITATION THERAPY",0.0,0.0,191.0,0.061257412628007143,3333,0.0672996019570797,-0.0672996019570797,-0.061257412628007143,0.0
896,"ALCOHOL, DRUG ABUSE OR DEPENDENCE WITHOUT REHABILITATION THERAPY WITH MCC",0.0,0.0,16.0,0.00513151100548751,2956,0.05968725574111238,-0.05968725574111238,-0.00513151100548751,0.0
918,POISONING AND TOXIC EFFECTS OF DRUGS WITHOUT MCC,0.0,0.0,29.0,0.00930086369744611,935,0.01887942629159001,-0.01887942629159001,-0.00930086369744611,0.0
920,COMPLICATIONS OF TREATMENT WITH CC,0.0,0.0,324.0,0.10391309786112207,5288,0.10677476602131335,-0.10677476602131335,-0.10391309786112207,0.0
922,"OTHER INJURY, POISONING AND TOXIC EFFECT DIAGNOSES WITH MCC",0.0,0.0,11.0,0.0035279138162726625,22,0.0004442217950962356,-0.0004442217950962356,-0.0035279138162726625,0.0
928,FULL THICKNESS BURN WITH SKIN GRAFT OR INHALATION INJURY WITH CC/MCC,0.0,0.0,42.0,0.013470216389404712,546,0.011024777278297484,-0.011024777278297484,-0.013470216389404712,0.0
935,NON-EXTENSIVE BURNS,0.0,0.0,34.0,0.010904460886660958,420,0.00848059790638268,-0.00848059790638268,-0.010904460886660958,0.0
947,SIGNS AND SYMPTOMS WITH MCC,0.0,0.0,66.0,0.021167482897635977,1417,0.028611921984152994,-0.028611921984152994,-0.021167482897635977,0.0
951,OTHER FACTORS INFLUENCING HEALTH STATUS,0.0,0.0,83.0,0.02661971334096646,3008,0.06073723452952167,-0.06073723452952167,-0.02661971334096646,0.0
957,OTHER O.R. PROCEDURES FOR MULTIPLE SIGNIFICANT TRAUMA WITH MCC,0.0,0.0,97.0,0.031109785470768026,716,0.014457400240404759,-0.014457400240404759,-0.031109785470768026,0.0
958,OTHER O.R. PROCEDURES FOR MULTIPLE SIGNIFICANT TRAUMA WITH CC,0.0,0.0,64.0,0.02052604402195004,155,0.003129744465450751,-0.003129744465450751,-0.02052604402195004,0.0
963,OTHER MULTIPLE SIGNIFICANT TRAUMA WITH MCC,0.0,0.0,87.0,0.027902591092338336,792,0.015991984623464482,-0.015991984623464482,-0.027902591092338336,0.0
964,OTHER MULTIPLE SIGNIFICANT TRAUMA WITH CC,0.0,0.0,154.0,0.04939079342781728,1052,0.021241878565510904,-0.021241878565510904,-0.04939079342781728,0.0
988,NON-EXTENSIVE O.R. PROCEDURES UNRELATED TO PRINCIPAL DIAGNOSIS WITH CC,0.0,0.0,12.0,0.0038486332541156324,667,0.01346799715132678,-0.01346799715132678,-0.0038486332541156324,0.0
021,INTRACRANIAL VASCULAR PROCEDURES WITH PRINCIPAL DIAGNOSIS HEMORRHAGE WITH CC,0.0,0.0,0.0,0.0,12,0.00024230279732521945,-0.00024230279732521945,0.0,0.0
028,SPINAL PROCEDURES WITH MCC,0.0,0.0,0.0,0.0,192,0.003876844757203511,-0.003876844757203511,0.0,0.0
030,SPINAL PROCEDURES WITHOUT CC/MCC,0.0,0.0,0.0,0.0,20,0.0004038379955420324,-0.0004038379955420324,0.0,0.0
031,VENTRICULAR SHUNT PROCEDURES WITH MCC,0.0,0.0,0.0,0.0,83,0.0016759276814994344,-0.0016759276814994344,0.0,0.0
077,HYPERTENSIVE ENCEPHALOPATHY WITH MCC,0.0,0.0,0.0,0.0,15,0.0003028784966565243,-0.0003028784966565243,0.0,0.0
078,HYPERTENSIVE ENCEPHALOPATHY WITH CC,0.0,0.0,0.0,0.0,69,0.0013932410846200117,-0.0013932410846200117,0.0,0.0
088,CONCUSSION WITH MCC,0.0,0.0,0.0,0.0,11,0.0002221108975481178,-0.0002221108975481178,0.0,0.0
089,CONCUSSION WITH CC,0.0,0.0,0.0,0.0,94,0.0018980385790475522,-0.0018980385790475522,0.0,0.0
090,CONCUSSION WITHOUT CC/MCC,0.0,0.0,0.0,0.0,11,0.0002221108975481178,-0.0002221108975481178,0.0,0.0
094,BACTERIAL AND TUBERCULOUS INFECTIONS OF NERVOUS SYSTEM WITH MCC,0.0,0.0,0.0,0.0,11,0.0002221108975481178,-0.0002221108975481178,0.0,0.0
097,NON-BACTERIAL INFECTION OF NERVOUS SYSTEM EXCEPT VIRAL MENINGITIS WITH MCC,0.0,0.0,0.0,0.0,24,0.0004846055946504389,-0.0004846055946504389,0.0,0.0
102,HEADACHES WITH MCC,0.0,0.0,0.0,0.0,40,0.0008076759910840647,-0.0008076759910840647,0.0,0.0
113,ORBITAL PROCEDURES WITH CC/MCC,0.0,0.0,0.0,0.0,29,0.0005855650935359469,-0.0005855650935359469,0.0,0.0
116,INTRAOCULAR PROCEDURES WITH CC/MCC,0.0,0.0,0.0,0.0,27,0.0005451812939817437,-0.0005451812939817437,0.0,0.0
121,ACUTE MAJOR EYE INFECTIONS WITH CC/MCC,0.0,0.0,0.0,0.0,23,0.0004644136948733372,-0.0004644136948733372,0.0,0.0
124,OTHER DISORDERS OF THE EYE WITH MCC OR THROMBOLYTIC AGENT,0.0,0.0,0.0,0.0,35,0.0007067164921985566,-0.0007067164921985566,0.0,0.0
147,"EAR, NOSE, MOUTH AND THROAT MALIGNANCY WITH CC",0.0,0.0,0.0,0.0,11,0.0002221108975481178,-0.0002221108975481178,0.0,0.0
151,EPISTAXIS WITHOUT MCC,0.0,0.0,0.0,0.0,27,0.0005451812939817437,-0.0005451812939817437,0.0,0.0
152,OTITIS MEDIA AND URI WITH MCC,0.0,0.0,0.0,0.0,32,0.0006461407928672518,-0.0006461407928672518,0.0,0.0
154,"OTHER EAR, NOSE, MOUTH AND THROAT DIAGNOSES WITH MCC",0.0,0.0,0.0,0.0,55,0.001110554487740589,-0.001110554487740589,0.0,0.0
155,"OTHER EAR, NOSE, MOUTH AND THROAT DIAGNOSES WITH CC",0.0,0.0,0.0,0.0,205,0.004139339454305832,-0.004139339454305832,0.0,0.0
157,DENTAL AND ORAL DISEASES WITH MCC,0.0,0.0,0.0,0.0,82,0.0016557357817223327,-0.0016557357817223327,0.0,0.0
158,DENTAL AND ORAL DISEASES WITH CC,0.0,0.0,0.0,0.0,296,0.005976802334022079,-0.005976802334022079,0.0,0.0
173,ULTRASOUND ACCELERATED AND OTHER THROMBOLYSIS WITH PRINCIPAL DIAGNOSIS PULMONARY EMBOLIS,0.0,0.0,0.0,0.0,122,0.0024634117728063974,-0.0024634117728063974,0.0,0.0
185,MAJOR CHEST TRAUMA WITHOUT CC/MCC,0.0,0.0,0.0,0.0,121,0.002443219873029296,-0.002443219873029296,0.0,0.0
187,PLEURAL EFFUSION WITH CC,0.0,0.0,0.0,0.0,217,0.004381642251631052,-0.004381642251631052,0.0,0.0
197,INTERSTITIAL LUNG DISEASE WITH CC,0.0,0.0,0.0,0.0,38,0.0007672921915298616,-0.0007672921915298616,0.0,0.0
203,BRONCHITIS AND ASTHMA WITHOUT CC/MCC,0.0,0.0,0.0,0.0,59,0.0011913220868489955,-0.0011913220868489955,0.0,0.0
251,PERCUTANEOUS CARDIOVASCULAR PROCEDURES WITHOUT INTRALUMINAL DEVICE WITHOUT MCC,0.0,0.0,0.0,0.0,67,0.0013528572850658083,-0.0013528572850658083,0.0,0.0
260,CARDIAC PACEMAKER REVISION EXCEPT DEVICE REPLACEMENT WITH MCC,0.0,0.0,0.0,0.0,145,0.0029278254676797346,-0.0029278254676797346,0.0,0.0
261,CARDIAC PACEMAKER REVISION EXCEPT DEVICE REPLACEMENT WITH CC,0.0,0.0,0.0,0.0,196,0.003957612356311917,-0.003957612356311917,0.0,0.0
262,CARDIAC PACEMAKER REVISION EXCEPT DEVICE REPLACEMENT WITHOUT CC/MCC,0.0,0.0,0.0,0.0,13,0.000262494697102321,-0.000262494697102321,0.0,0.0
275,CARDIAC DEFIBRILLATOR IMPLANT WITH CARDIAC CATHETERIZATION AND MCC,0.0,0.0,0.0,0.0,645,0.013023775356230545,-0.013023775356230545,0.0,0.0
278,ULTRASOUND ACCELERATED AND OTHER THROMBOLYSIS OF PERIPHERAL VASCULAR STRUCTURES WITH MCC,0.0,0.0,0.0,0.0,19,0.0003836460957649308,-0.0003836460957649308,0.0,0.0
279,ULTRASOUND ACCELERATED AND OTHER THROMBOLYSIS OF PERIPHERAL VASCULAR STRUCTURES WITHOUT,0.0,0.0,0.0,0.0,71,0.0014336248841742148,-0.0014336248841742148,0.0,0.0
296,"CARDIAC ARREST, UNEXPLAINED WITH MCC",0.0,0.0,0.0,0.0,62,0.0012518977861803004,-0.0012518977861803004,0.0,0.0
302,ATHEROSCLEROSIS WITH MCC,0.0,0.0,0.0,0.0,43,0.0008682516904153695,-0.0008682516904153695,0.0,0.0
307,CARDIAC CONGENITAL AND VALVULAR DISORDERS WITHOUT MCC,0.0,0.0,0.0,0.0,214,0.004321066552299747,-0.004321066552299747,0.0,0.0
316,OTHER CIRCULATORY SYSTEM DIAGNOSES WITHOUT CC/MCC,0.0,0.0,0.0,0.0,25,0.0005047974944275404,-0.0005047974944275404,0.0,0.0
319,OTHER ENDOVASCULAR CARDIAC VALVE PROCEDURES WITH MCC,0.0,0.0,0.0,0.0,250,0.005047974944275405,-0.005047974944275405,0.0,0.0
320,OTHER ENDOVASCULAR CARDIAC VALVE PROCEDURES WITHOUT MCC,0.0,0.0,0.0,0.0,33,0.0006663326926443534,-0.0006663326926443534,0.0,0.0
335,PERITONEAL ADHESIOLYSIS WITH MCC,0.0,0.0,0.0,0.0,341,0.006885437823991652,-0.006885437823991652,0.0,0.0
337,PERITONEAL ADHESIOLYSIS WITHOUT CC/MCC,0.0,0.0,0.0,0.0,129,0.0026047550712461087,-0.0026047550712461087,0.0,0.0
347,ANAL AND STOMAL PROCEDURES WITH MCC,0.0,0.0,0.0,0.0,19,0.0003836460957649308,-0.0003836460957649308,0.0,0.0
350,INGUINAL AND FEMORAL HERNIA PROCEDURES WITH MCC,0.0,0.0,0.0,0.0,11,0.0002221108975481178,-0.0002221108975481178,0.0,0.0
351,INGUINAL AND FEMORAL HERNIA PROCEDURES WITH CC,0.0,0.0,0.0,0.0,136,0.00274609836968582,-0.00274609836968582,0.0,0.0
352,INGUINAL AND FEMORAL HERNIA PROCEDURES WITHOUT CC/MCC,0.0,0.0,0.0,0.0,11,0.0002221108975481178,-0.0002221108975481178,0.0,0.0
353,HERNIA PROCEDURES EXCEPT INGUINAL AND FEMORAL WITH MCC,0.0,0.0,0.0,0.0,89,0.0017970790801620441,-0.0017970790801620441,0.0,0.0
369,MAJOR ESOPHAGEAL DISORDERS WITH CC,0.0,0.0,0.0,0.0,63,0.0012720896859574021,-0.0012720896859574021,0.0,0.0
373,MAJOR GASTROINTESTINAL DISORDERS AND PERITONEAL INFECTIONS WITHOUT CC/MCC,0.0,0.0,0.0,0.0,76,0.0015345843830597231,-0.0015345843830597231,0.0,0.0
384,UNCOMPLICATED PEPTIC ULCER WITHOUT MCC,0.0,0.0,0.0,0.0,18,0.00036345419598782914,-0.00036345419598782914,0.0,0.0
399,APPENDIX PROCEDURES WITHOUT CC/MCC,0.0,0.0,0.0,0.0,40,0.0008076759910840647,-0.0008076759910840647,0.0,0.0
411,CHOLECYSTECTOMY WITH C.D.E. WITH MCC,0.0,0.0,0.0,0.0,16,0.0003230703964336259,-0.0003230703964336259,0.0,0.0
415,CHOLECYSTECTOMY EXCEPT BY LAPAROSCOPE WITHOUT C.D.E. WITH CC,0.0,0.0,0.0,0.0,45,0.0009086354899695729,-0.0009086354899695729,0.0,0.0
420,HEPATOBILIARY DIAGNOSTIC PROCEDURES WITH MCC,0.0,0.0,0.0,0.0,22,0.0004442217950962356,-0.0004442217950962356,0.0,0.0
430,COMBINED ANTERIOR AND POSTERIOR CERVICAL SPINAL FUSION WITHOUT MCC,0.0,0.0,0.0,0.0,13,0.000262494697102321,-0.000262494697102321,0.0,0.0
456,"SPINAL FUSION EXCEPT CERVICAL WITH SPINAL CURVATURE, MALIGNANCY, INFECTION OR EXTENSIVE",0.0,0.0,0.0,0.0,318,0.006421024129118314,-0.006421024129118314,0.0,0.0
465,WOUND DEBRIDEMENT AND SKIN GRAFT EXCEPT HAND FOR MUSCULOSKELETAL AND CONNECTIVE TISSUE D,0.0,0.0,0.0,0.0,51,0.0010297868886321826,-0.0010297868886321826,0.0,0.0
471,CERVICAL SPINAL FUSION WITH MCC,0.0,0.0,0.0,0.0,439,0.00886424400214761,-0.00886424400214761,0.0,0.0
477,BIOPSIES OF MUSCULOSKELETAL SYSTEM AND CONNECTIVE TISSUE WITH MCC,0.0,0.0,0.0,0.0,319,0.006441216028895417,-0.006441216028895417,0.0,0.0
479,BIOPSIES OF MUSCULOSKELETAL SYSTEM AND CONNECTIVE TISSUE WITHOUT CC/MCC,0.0,0.0,0.0,0.0,13,0.000262494697102321,-0.000262494697102321,0.0,0.0
485,KNEE PROCEDURES WITH PRINCIPAL DIAGNOSIS OF INFECTION WITH MCC,0.0,0.0,0.0,0.0,11,0.0002221108975481178,-0.0002221108975481178,0.0,0.0
486,KNEE PROCEDURES WITH PRINCIPAL DIAGNOSIS OF INFECTION WITH CC,0.0,0.0,0.0,0.0,147,0.002968209267233938,-0.002968209267233938,0.0,0.0
487,KNEE PROCEDURES WITH PRINCIPAL DIAGNOSIS OF INFECTION WITHOUT CC/MCC,0.0,0.0,0.0,0.0,11,0.0002221108975481178,-0.0002221108975481178,0.0,0.0
496,LOCAL EXCISION AND REMOVAL OF INTERNAL FIXATION DEVICES EXCEPT HIP AND FEMUR WITH CC,0.0,0.0,0.0,0.0,82,0.0016557357817223327,-0.0016557357817223327,0.0,0.0
497,LOCAL EXCISION AND REMOVAL OF INTERNAL FIXATION DEVICES EXCEPT HIP AND FEMUR WITHOUT CC/,0.0,0.0,0.0,0.0,72,0.0014538167839513165,-0.0014538167839513165,0.0,0.0
500,SOFT TISSUE PROCEDURES WITH MCC,0.0,0.0,0.0,0.0,24,0.0004846055946504389,-0.0004846055946504389,0.0,0.0
502,SOFT TISSUE PROCEDURES WITHOUT CC/MCC,0.0,0.0,0.0,0.0,49,0.0009894030890779792,-0.0009894030890779792,0.0,0.0
504,FOOT PROCEDURES WITH CC,0.0,0.0,0.0,0.0,13,0.000262494697102321,-0.000262494697102321,0.0,0.0
511,"SHOULDER, ELBOW OR FOREARM PROCEDURES, EXCEPT MAJOR JOINT PROCEDURES WITH CC",0.0,0.0,0.0,0.0,114,0.0023018765745895847,-0.0023018765745895847,0.0,0.0
512,"SHOULDER, ELBOW OR FOREARM PROCEDURES, EXCEPT MAJOR JOINT PROCEDURES WITHOUT CC/MCC",0.0,0.0,0.0,0.0,11,0.0002221108975481178,-0.0002221108975481178,0.0,0.0
513,"HAND OR WRIST PROCEDURES, EXCEPT MAJOR THUMB OR JOINT PROCEDURES WITH CC/MCC",0.0,0.0,0.0,0.0,33,0.0006663326926443534,-0.0006663326926443534,0.0,0.0
518,BACK AND NECK PROCEDURES EXCEPT SPINAL FUSION WITH MCC OR DISC DEVICE OR NEUROSTIMULATOR,0.0,0.0,0.0,0.0,181,0.0036547338596553927,-0.0036547338596553927,0.0,0.0
520,BACK AND NECK PROCEDURES EXCEPT SPINAL FUSION WITHOUT CC/MCC,0.0,0.0,0.0,0.0,938,0.01894000199092132,-0.01894000199092132,0.0,0.0
539,OSTEOMYELITIS WITH MCC,0.0,0.0,0.0,0.0,110,0.002221108975481178,-0.002221108975481178,0.0,0.0
540,OSTEOMYELITIS WITH CC,0.0,0.0,0.0,0.0,60,0.0012115139866260972,-0.0012115139866260972,0.0,0.0
544,PATHOLOGICAL FRACTURES AND MUSCULOSKELETAL AND CONNECTIVE TISSUE MALIGNANCY WITHOUT CC/M,0.0,0.0,0.0,0.0,467,0.009429617195906456,-0.009429617195906456,0.0,0.0
546,CONNECTIVE TISSUE DISORDERS WITH CC,0.0,0.0,0.0,0.0,409,0.008258487008834562,-0.008258487008834562,0.0,0.0
547,CONNECTIVE TISSUE DISORDERS WITHOUT CC/MCC,0.0,0.0,0.0,0.0,11,0.0002221108975481178,-0.0002221108975481178,0.0,0.0
553,BONE DISEASES AND ARTHROPATHIES WITH MCC,0.0,0.0,0.0,0.0,148,0.0029884011670110395,-0.0029884011670110395,0.0,0.0
555,SIGNS AND SYMPTOMS OF MUSCULOSKELETAL SYSTEM AND CONNECTIVE TISSUE WITH MCC,0.0,0.0,0.0,0.0,75,0.0015143924832826214,-0.0015143924832826214,0.0,0.0
557,"TENDONITIS, MYOSITIS AND BURSITIS WITH MCC",0.0,0.0,0.0,0.0,194,0.003917228556757714,-0.003917228556757714,0.0,0.0
561,"AFTERCARE, MUSCULOSKELETAL SYSTEM AND CONNECTIVE TISSUE WITHOUT CC/MCC",0.0,0.0,0.0,0.0,380,0.007672921915298616,-0.007672921915298616,0.0,0.0
570,SKIN DEBRIDEMENT WITH MCC,0.0,0.0,0.0,0.0,31,0.0006259488930901502,-0.0006259488930901502,0.0,0.0
573,SKIN GRAFT FOR SKIN ULCER OR CELLULITIS WITH MCC,0.0,0.0,0.0,0.0,60,0.0012115139866260972,-0.0012115139866260972,0.0,0.0
574,SKIN GRAFT FOR SKIN ULCER OR CELLULITIS WITH CC,0.0,0.0,0.0,0.0,132,0.0026653307705774136,-0.0026653307705774136,0.0,0.0
581,"OTHER SKIN, SUBCUTANEOUS TISSUE AND BREAST PROCEDURES WITHOUT CC/MCC",0.0,0.0,0.0,0.0,91,0.001837462879716247,-0.001837462879716247,0.0,0.0
585,"BREAST BIOPSY, LOCAL EXCISION AND OTHER BREAST PROCEDURES WITHOUT CC/MCC",0.0,0.0,0.0,0.0,35,0.0007067164921985566,-0.0007067164921985566,0.0,0.0
593,SKIN ULCERS WITH CC,0.0,0.0,0.0,0.0,94,0.0018980385790475522,-0.0018980385790475522,0.0,0.0
596,MAJOR SKIN DISORDERS WITHOUT MCC,0.0,0.0,0.0,0.0,64,0.0012922815857345036,-0.0012922815857345036,0.0,0.0
597,MALIGNANT BREAST DISORDERS WITH MCC,0.0,0.0,0.0,0.0,35,0.0007067164921985566,-0.0007067164921985566,0.0,0.0
604,"TRAUMA TO THE SKIN, SUBCUTANEOUS TISSUE AND BREAST WITH MCC",0.0,0.0,0.0,0.0,342,0.006905629723768753,-0.006905629723768753,0.0,0.0
606,MINOR SKIN DISORDERS WITH MCC,0.0,0.0,0.0,0.0,46,0.0009288273897466744,-0.0009288273897466744,0.0,0.0
620,O.R. PROCEDURES FOR OBESITY WITH CC,0.0,0.0,0.0,0.0,247,0.0049873992449441,-0.0049873992449441,0.0,0.0
622,"SKIN GRAFTS AND WOUND DEBRIDEMENT FOR ENDOCRINE, NUTRITIONAL AND METABOLIC DISORDERS WIT",0.0,0.0,0.0,0.0,44,0.0008884435901924712,-0.0008884435901924712,0.0,0.0
626,"THYROID, PARATHYROID AND THYROGLOSSAL PROCEDURES WITH CC",0.0,0.0,0.0,0.0,106,0.0021403413763727715,-0.0021403413763727715,0.0,0.0
627,"THYROID, PARATHYROID AND THYROGLOSSAL PROCEDURES WITHOUT CC/MCC",0.0,0.0,0.0,0.0,216,0.00436145035185395,-0.00436145035185395,0.0,0.0
642,INBORN AND OTHER DISORDERS OF METABOLISM,0.0,0.0,0.0,0.0,34,0.000686524592421455,-0.000686524592421455,0.0,0.0
651,KIDNEY TRANSPLANT WITH HEMODIALYSIS WITHOUT MCC,0.0,0.0,0.0,0.0,487,0.009833455191448489,-0.009833455191448489,0.0,0.0
653,MAJOR BLADDER PROCEDURES WITH MCC,0.0,0.0,0.0,0.0,191,0.0038566528574264093,-0.0038566528574264093,0.0,0.0
655,MAJOR BLADDER PROCEDURES WITHOUT CC/MCC,0.0,0.0,0.0,0.0,111,0.00224130087525828,-0.00224130087525828,0.0,0.0
663,MINOR BLADDER PROCEDURES WITH CC,0.0,0.0,0.0,0.0,23,0.0004644136948733372,-0.0004644136948733372,0.0,0.0
665,PROSTATECTOMY WITH MCC,0.0,0.0,0.0,0.0,12,0.00024230279732521945,-0.00024230279732521945,0.0,0.0
668,TRANSURETHRAL PROCEDURES WITH MCC,0.0,0.0,0.0,0.0,13,0.000262494697102321,-0.000262494697102321,0.0,0.0
669,TRANSURETHRAL PROCEDURES WITH CC,0.0,0.0,0.0,0.0,296,0.005976802334022079,-0.005976802334022079,0.0,0.0
686,KIDNEY AND URINARY TRACT NEOPLASMS WITH MCC,0.0,0.0,0.0,0.0,49,0.0009894030890779792,-0.0009894030890779792,0.0,0.0
687,KIDNEY AND URINARY TRACT NEOPLASMS WITH CC,0.0,0.0,0.0,0.0,25,0.0005047974944275404,-0.0005047974944275404,0.0,0.0
694,URINARY STONES WITHOUT MCC,0.0,0.0,0.0,0.0,783,0.015810257525470568,-0.015810257525470568,0.0,0.0
696,KIDNEY AND URINARY TRACT SIGNS AND SYMPTOMS WITHOUT MCC,0.0,0.0,0.0,0.0,431,0.008702708803930797,-0.008702708803930797,0.0,0.0
700,OTHER KIDNEY AND URINARY TRACT DIAGNOSES WITHOUT CC/MCC,0.0,0.0,0.0,0.0,26,0.000524989394204642,-0.000524989394204642,0.0,0.0
707,MAJOR MALE PELVIC PROCEDURES WITH CC/MCC,0.0,0.0,0.0,0.0,390,0.007874840913069631,-0.007874840913069631,0.0,0.0
708,MAJOR MALE PELVIC PROCEDURES WITHOUT CC/MCC,0.0,0.0,0.0,0.0,464,0.00936904149657515,-0.00936904149657515,0.0,0.0
714,TRANSURETHRAL PROSTATECTOMY WITHOUT CC/MCC,0.0,0.0,0.0,0.0,15,0.0003028784966565243,-0.0003028784966565243,0.0,0.0
717,OTHER MALE REPRODUCTIVE SYSTEM O.R. PROCEDURES EXCEPT MALIGNANCY WITH CC/MCC,0.0,0.0,0.0,0.0,34,0.000686524592421455,-0.000686524592421455,0.0,0.0
722,"MALIGNANCY, MALE REPRODUCTIVE SYSTEM WITH MCC",0.0,0.0,0.0,0.0,11,0.0002221108975481178,-0.0002221108975481178,0.0,0.0
726,BENIGN PROSTATIC HYPERTROPHY WITHOUT MCC,0.0,0.0,0.0,0.0,78,0.001574968182613926,-0.001574968182613926,0.0,0.0
728,INFLAMMATION OF THE MALE REPRODUCTIVE SYSTEM WITHOUT MCC,0.0,0.0,0.0,0.0,48,0.0009692111893008778,-0.0009692111893008778,0.0,0.0
739,UTERINE AND ADNEXA PROCEDURES FOR NON-OVARIAN AND NON-ADNEXAL MALIGNANCY WITH MCC,0.0,0.0,0.0,0.0,21,0.00042402989531913396,-0.00042402989531913396,0.0,0.0
740,UTERINE AND ADNEXA PROCEDURES FOR NON-OVARIAN AND NON-ADNEXAL MALIGNANCY WITH CC,0.0,0.0,0.0,0.0,172,0.003473006761661478,-0.003473006761661478,0.0,0.0
741,UTERINE AND ADNEXA PROCEDURES FOR NON-OVARIAN AND NON-ADNEXAL MALIGNANCY WITHOUT CC/MCC,0.0,0.0,0.0,0.0,74,0.0014942005835055197,-0.0014942005835055197,0.0,0.0
744,"D&C, CONIZATION, LAPAROSCOPY AND TUBAL INTERRUPTION WITH CC/MCC",0.0,0.0,0.0,0.0,35,0.0007067164921985566,-0.0007067164921985566,0.0,0.0
746,"VAGINA, CERVIX AND VULVA PROCEDURES WITH CC/MCC",0.0,0.0,0.0,0.0,23,0.0004644136948733372,-0.0004644136948733372,0.0,0.0
747,"VAGINA, CERVIX AND VULVA PROCEDURES WITHOUT CC/MCC",0.0,0.0,0.0,0.0,27,0.0005451812939817437,-0.0005451812939817437,0.0,0.0
755,"MALIGNANCY, FEMALE REPRODUCTIVE SYSTEM WITH CC",0.0,0.0,0.0,0.0,86,0.001736503380830739,-0.001736503380830739,0.0,0.0
820,LYMPHOMA AND LEUKEMIA WITH MAJOR O.R. PROCEDURES WITH MCC,0.0,0.0,0.0,0.0,36,0.0007269083919756583,-0.0007269083919756583,0.0,0.0
821,LYMPHOMA AND LEUKEMIA WITH MAJOR O.R. PROCEDURES WITH CC,0.0,0.0,0.0,0.0,91,0.001837462879716247,-0.001837462879716247,0.0,0.0
822,LYMPHOMA AND LEUKEMIA WITH MAJOR O.R. PROCEDURES WITHOUT CC/MCC,0.0,0.0,0.0,0.0,53,0.0010701706881863858,-0.0010701706881863858,0.0,0.0
823,LYMPHOMA AND NON-ACUTE LEUKEMIA WITH OTHER PROCEDURES WITH MCC,0.0,0.0,0.0,0.0,329,0.006643135026666432,-0.006643135026666432,0.0,0.0
824,LYMPHOMA AND NON-ACUTE LEUKEMIA WITH OTHER PROCEDURES WITH CC,0.0,0.0,0.0,0.0,119,0.0024028360734750925,-0.0024028360734750925,0.0,0.0
826,MYELOPROLIFERATIVE DISORDERS OR POORLY DIFFERENTIATED NEOPLASMS WITH MAJOR O.R. PROCEDUR,0.0,0.0,0.0,0.0,27,0.0005451812939817437,-0.0005451812939817437,0.0,0.0
835,ACUTE LEUKEMIA WITH CC,0.0,0.0,0.0,0.0,72,0.0014538167839513165,-0.0014538167839513165,0.0,0.0
843,OTHER MYELOPROLIFERATIVE DISORDERS OR POORLY DIFFERENTIATED NEOPLASTIC DIAGNOSES WITH MC,0.0,0.0,0.0,0.0,121,0.002443219873029296,-0.002443219873029296,0.0,0.0
849,RADIOTHERAPY,0.0,0.0,0.0,0.0,73,0.0014740086837284182,-0.0014740086837284182,0.0,0.0
864,FEVER AND INFLAMMATORY CONDITIONS,0.0,0.0,0.0,0.0,777,0.015689106126807958,-0.015689106126807958,0.0,0.0
868,OTHER INFECTIOUS AND PARASITIC DISEASES DIAGNOSES WITH CC,0.0,0.0,0.0,0.0,37,0.0007471002917527599,-0.0007471002917527599,0.0,0.0
876,O.R. PROCEDURES WITH PRINCIPAL DIAGNOSIS OF MENTAL ILLNESS,0.0,0.0,0.0,0.0,11,0.0002221108975481178,-0.0002221108975481178,0.0,0.0
882,NEUROSES EXCEPT DEPRESSIVE,0.0,0.0,0.0,0.0,168,0.0033922391625530717,-0.0033922391625530717,0.0,0.0
883,DISORDERS OF PERSONALITY AND IMPULSE CONTROL,0.0,0.0,0.0,0.0,126,0.0025441793719148042,-0.0025441793719148042,0.0,0.0
894,"ALCOHOL, DRUG ABUSE OR DEPENDENCE, LEFT AMA",0.0,0.0,0.0,0.0,730,0.014740086837284182,-0.014740086837284182,0.0,0.0
902,WOUND DEBRIDEMENTS FOR INJURIES WITH CC,0.0,0.0,0.0,0.0,31,0.0006259488930901502,-0.0006259488930901502,0.0,0.0
904,SKIN GRAFTS FOR INJURIES WITH CC/MCC,0.0,0.0,0.0,0.0,28,0.0005653731937588453,-0.0005653731937588453,0.0,0.0
909,OTHER O.R. PROCEDURES FOR INJURIES WITHOUT CC/MCC,0.0,0.0,0.0,0.0,24,0.0004846055946504389,-0.0004846055946504389,0.0,0.0
913,TRAUMATIC INJURY WITH MCC,0.0,0.0,0.0,0.0,30,0.0006057569933130486,-0.0006057569933130486,0.0,0.0
914,TRAUMATIC INJURY WITHOUT MCC,0.0,0.0,0.0,0.0,182,0.003674925759432494,-0.003674925759432494,0.0,0.0
916,ALLERGIC REACTIONS WITHOUT MCC,0.0,0.0,0.0,0.0,34,0.000686524592421455,-0.000686524592421455,0.0,0.0
921,COMPLICATIONS OF TREATMENT WITHOUT CC/MCC,0.0,0.0,0.0,0.0,14,0.00028268659687942266,-0.00028268659687942266,0.0,0.0
923,"OTHER INJURY, POISONING AND TOXIC EFFECT DIAGNOSES WITHOUT MCC",0.0,0.0,0.0,0.0,11,0.0002221108975481178,-0.0002221108975481178,0.0,0.0
934,FULL THICKNESS BURN WITHOUT SKIN GRAFT OR INHALATION INJURY,0.0,0.0,0.0,0.0,16,0.0003230703964336259,-0.0003230703964336259,0.0,0.0
940,O.R. PROCEDURES WITH DIAGNOSES OF OTHER CONTACT WITH HEALTH SERVICES WITH CC,0.0,0.0,0.0,0.0,52,0.001049978788409284,-0.001049978788409284,0.0,0.0
941,O.R. PROCEDURES WITH DIAGNOSES OF OTHER CONTACT WITH HEALTH SERVICES WITHOUT CC/MCC,0.0,0.0,0.0,0.0,11,0.0002221108975481178,-0.0002221108975481178,0.0,0.0
945,REHABILITATION WITH CC/MCC,0.0,0.0,0.0,0.0,1400,0.028268659687942267,-0.028268659687942267,0.0,0.0
946,REHABILITATION WITHOUT CC/MCC,0.0,0.0,0.0,0.0,304,0.0061383375322388925,-0.0061383375322388925,0.0,0.0
949,AFTERCARE WITH CC/MCC,0.0,0.0,0.0,0.0,237,0.004785480247173084,-0.004785480247173084,0.0,0.0
950,AFTERCARE WITHOUT CC/MCC,0.0,0.0,0.0,0.0,19,0.0003836460957649308,-0.0003836460957649308,0.0,0.0
974,HIV WITH MAJOR RELATED CONDITION WITH MCC,0.0,0.0,0.0,0.0,404,0.008157527509949055,-0.008157527509949055,0.0,0.0
975,HIV WITH MAJOR RELATED CONDITION WITH CC,0.0,0.0,0.0,0.0,34,0.000686524592421455,-0.000686524592421455,0.0,0.0
983,EXTENSIVE O.R. PROCEDURES UNRELATED TO PRINCIPAL DIAGNOSIS WITHOUT CC/MCC,0.0,0.0,0.0,0.0,55,0.001110554487740589,-0.001110554487740589,0.0,0.0
